code,source_file,confirmed_name,bucket_note,avg_price,volatility,pct_populated,flagged_decline
NY State Debt::S-1980,New-York.xls,New York debts,,40.0,0.0,0.26,no
NY State Debt::S-1630,New-York.xls,New York 7s,,101.32,0.92,1.89,no
NY State Debt::S-1640,New-York.xls,"New York 7s, 1848",,104.62,3.08,1.52,no
NY State Debt::S-1650,New-York.xls,"New York 7s, 1849",,104.63,2.89,4.5,no
NY State Debt::S-1500,New-York.xls,"New York 6.5s, 1861",,111.67,3.51,0.09,no
NY State Debt::S-1510,New-York.xls,New York 6s,,100.92,1.68,9.28,no
NY State Debt::S-1516,New-York.xls,"New York 6s, 1852",,112.17,2.36,0.09,no
NY State Debt::S-1520,New-York.xls,"New York 6s, 1854",,106.25,2.44,0.17,no
NY State Debt::S-1530,New-York.xls,"New York 6s, 1855",,105.32,2.74,0.32,no
NY State Debt::S-1550,New-York.xls,"New York 6s, 1860",,110.1,3.22,0.72,no
NY State Debt::S-1560,New-York.xls,"New York 6s, 1861",,112.29,3.2,0.34,no
NY State Debt::S-1490,New-York.xls,"New York 6s, 1/2 Yearly 1861",,104.5,4.12,0.2,no
NY State Debt::S-1570,New-York.xls,"New York 6s, 1862",,112.3,2.75,0.95,no
NY State Debt::S-1576,New-York.xls,"New York 6s, 1863",,116.0,,0.03,no
NY State Debt::S-1580,New-York.xls,"New York 6s, 1864",,112.95,5.54,0.32,no
NY State Debt::S-1586,New-York.xls,"New York 6s, 1864 1/2 Yr",,106.38,5.48,0.06,no
NY State Debt::S-1590,New-York.xls,"New York 6s, 1865",,117.09,3.39,1.0,no
NY State Debt::S-1600,New-York.xls,"New York 6s, 1866",,120.25,0.5,0.11,no
NY State Debt::S-1610,New-York.xls,"New York 6s, 1867",,117.25,3.57,0.34,no
NY State Debt::S-1250,New-York.xls,"New York 5.5s, 1860",,90.77,13.32,0.46,no
NY State Debt::S-1206,New-York.xls,"New York 5.5s, .5 1860",,106.33,2.31,0.09,no
NY State Debt::S-1260,New-York.xls,"New York 5.5s, 1861",,97.27,15.12,0.72,no
NY State Debt::S-1207,New-York.xls,"New York 5.5s, .5 1861",,105.0,,0.03,no
NY State Debt::S-1270,New-York.xls,"New York 5.5s, 1865",,112.3,6.24,0.14,no
NY State Debt::S-1210,New-York.xls,"New York 5.5s 1/2 Yearly, 1865",,100.67,0.58,0.09,no
NY State Debt::S-1220,New-York.xls,"New York 5.5s, 1866",,,,0.0,no
NY State Debt::S-1230,New-York.xls,"New York 5.5s, 1867",,119.5,2.12,0.06,no
NY State Debt::S-1236,New-York.xls,"New York 5.5s, 1868",,108.0,,0.03,no
NY State Debt::S-1237,New-York.xls,"New York 5.5s, 1875",,109.0,5.66,0.06,no
NY State Debt::S-1310,New-York.xls,"New York 5s, Astor Loan",,89.0,1.41,0.06,no
NY State Debt::S-1320,New-York.xls,"New York 5s, 1850",,112.18,4.46,0.57,no
NY State Debt::S-1326,New-York.xls,"New York 5s, 1853",,101.83,1.47,0.17,no
NY State Debt::S-1330,New-York.xls,"New York 5s, 1854",,103.18,2.37,0.32,no
NY State Debt::S-1340,New-York.xls,"New York 5s, 1855",,103.61,1.89,1.29,no
NY State Debt::S-1290,New-York.xls,"New York 5s, 1858",,104.42,2.48,1.46,no
NY State Debt::S-1360,New-York.xls,"New York 5s, 1859",,105.82,2.46,0.32,no
NY State Debt::S-1370,New-York.xls,"New York 5s, 1860",,104.4,2.41,0.97,no
NY State Debt::S-1380,New-York.xls,"New York 5s, 1861",,104.59,2.99,0.23,no
NY State Debt::S-1390,New-York.xls,"New York 5s, 1862",,108.02,3.91,0.4,no
NY State Debt::S-1396,New-York.xls,"New York 5s, 1864",,109.5,,0.03,no
NY State Debt::S-1400,New-York.xls,"New York 5s, 1866",,106.83,5.01,0.26,no
NY State Debt::S-1140,New-York.xls,New York 4.5s,,100.01,13.19,1.8,no
NY State Debt::S-1170,New-York.xls,"New York 4.5s, 1849",,100.49,10.82,1.4,no
NY State Debt::S-1150,New-York.xls,"New York 4.5s, 1850",,94.0,3.35,0.14,no
NY State Debt::S-1180,New-York.xls,"New York 4.5s, 1858",,90.38,13.22,0.37,no
NY State Debt::S-1190,New-York.xls,"New York 4.5s, 1859",,93.65,3.72,0.37,no
NY State Debt::S-1160,New-York.xls,"New York 4.5s, 1861",,81.25,2.14,0.17,no
NY State Debt::S-1200,New-York.xls,"New York 4.5s, 1864",,96.13,8.58,0.49,no
NY State Debt::S-1660,New-York.xls,New York Canal,,102.68,3.11,2.32,no
NY State Debt::S-1850,New-York.xls,New York Canal 6s,,112.07,2.15,0.83,no
NY State Debt::S-1854,New-York.xls,"New York Canal 6s, scrip",,109.0,0.0,0.06,no
NY State Debt::S-1857,New-York.xls,"New York Canal 6s, old scrip",,103.78,3.76,0.23,no
NY State Debt::S-1870,New-York.xls,"New York Canal 6s, 1837 Old ",,110.72,4.32,8.51,no
NY State Debt::S-1880,New-York.xls,"New York Canal 6s, 1842",,97.0,,0.03,no
NY State Debt::S-1890,New-York.xls,"New York Canal 6s, 1844",,99.0,1.41,0.06,no
NY State Debt::S-1860,New-York.xls,"New York Canal 6s, 1845 New",,113.71,8.29,3.89,no
NY State Debt::S-1900,New-York.xls,"New York Canal 6s, 1846",,96.0,4.24,0.06,no
NY State Debt::S-1910,New-York.xls,"New York Canal 6s, 1848",,102.44,2.99,0.11,no
NY State Debt::S-1920,New-York.xls,"New York Canal 6s, 1850",,101.0,1.41,0.06,no
NY State Debt::S-1930,New-York.xls,"New York Canal 6s, 1854",,97.93,7.14,0.97,no
NY State Debt::S-1940,New-York.xls,"New York Canal 6s, 1860",,102.37,6.48,2.21,no
NY State Debt::S-1950,New-York.xls,"New York Canal 6s, 1861",,96.71,9.68,1.0,no
NY State Debt::S-1960,New-York.xls,"New York Canal 6s, 1862",,99.79,8.03,1.32,no
NY State Debt::S-1970,New-York.xls,"New York Canal 6s, 1867",,99.46,9.68,0.2,no
NY State Debt::S-1670,New-York.xls,"New York Canal 5.5s, 1860",,100.91,3.94,1.2,no
NY State Debt::S-1680,New-York.xls,"New York Canal 5.5s, 1861",,98.35,5.06,0.92,no
NY State Debt::S-1690,New-York.xls,"New York Canal 5.5s, 1865",,99.5,3.5,0.09,no
NY State Debt::S-1700,New-York.xls,New York Canal 5s,,101.87,4.32,1.26,no
NY State Debt::S-1710,New-York.xls,"New York Canal 5s, 1837 old",,105.14,4.1,5.36,no
NY State Debt::S-1720,New-York.xls,"New York Canal 5s, 1845 new",,105.65,8.45,8.45,no
NY State Debt::S-1724,New-York.xls,"New York Canal 5s, 1846",,99.28,9.79,0.77,no
NY State Debt::S-1727,New-York.xls,"New York Canal 5s, 1847",,106.56,12.44,1.35,no
NY State Debt::S-1730,New-York.xls,"New York Canal 5s, 1848",,90.4,5.03,0.49,no
NY State Debt::S-1740,New-York.xls,"New York Canal 5s, 1849",,87.27,7.3,0.32,no
NY State Debt::S-1750,New-York.xls,"New York Canal 5s, 1850",,98.05,14.77,2.09,no
NY State Debt::S-1760,New-York.xls,"New York Canal 5s, 1851",,85.58,7.59,0.37,no
NY State Debt::S-1770,New-York.xls,"New York Canal 5s, 1853",,88.75,7.59,0.11,no
NY State Debt::S-1780,New-York.xls,"New York Canal 5s, 1855",,87.97,7.82,1.83,no
NY State Debt::S-1790,New-York.xls,"New York Canal 5s, 1856",,90.67,8.89,0.09,no
NY State Debt::S-1800,New-York.xls,"New York Canal 5s, 1858",,86.03,6.78,2.78,no
NY State Debt::S-1810,New-York.xls,"New York Canal 5s, 1859",,93.8,5.04,0.14,no
NY State Debt::S-1820,New-York.xls,"New York Canal 5s, 1860",,96.7,10.95,2.15,no
NY State Debt::S-1830,New-York.xls,"New York Canal 5s, 1861",,84.33,8.26,0.17,no
NY State Debt::S-1840,New-York.xls,"New York Canal 5s, 1880",,91.0,,0.03,no
Other State Debt::S-0080,New-York.xls,Alabama Sterling Bonds,,,,0.0,no
Other State Debt::S-0040,New-York.xls,Alabama 6s,"Alabama -- likely defaulted candidate, not NY",64.47,14.03,0.54,yes
Other State Debt::S-0050,New-York.xls,"Alabama 6s, Sterling",,76.38,9.76,0.43,no
Other State Debt::S-0060,New-York.xls,"Alabama 6s, 20 yrs",,115.0,0.0,0.06,no
Other State Debt::S-0030,New-York.xls,Alabama 5s,"Alabama -- likely defaulted candidate, not NY",70.69,12.25,4.52,yes
Other State Debt::S-0010,New-York.xls,"Alabama 5s, 1852",,108.12,2.46,0.11,no
Other State Debt::S-0020,New-York.xls,"Alabama 5s, 1863",,106.3,0.17,0.66,no
Other State Debt::S-0120,New-York.xls,Arkansas Bonds,,35.78,11.44,0.77,yes
Other State Debt::S-0110,New-York.xls,Arkansas 6s,,48.34,12.86,1.83,no
Other State Debt::S-0126,New-York.xls,"California 7s, 1862",,92.0,,0.03,no
Other State Debt::S-0130,New-York.xls,"California 7s, 1870",,85.16,4.57,0.83,no
Other State Debt::S-0170,New-York.xls,Georgia 6s,,106.24,7.35,0.34,no
Other State Debt::S-0300,New-York.xls,"Illinois 6s, Special",,40.02,5.81,4.75,yes
Other State Debt::S-0200,New-York.xls,"Illinois 6, 1850",,71.31,9.61,0.11,yes
Other State Debt::S-0210,New-York.xls,"Illinois 6, 1860",,63.12,23.66,1.52,yes
Other State Debt::S-0220,New-York.xls,"Illinois 6, 1861",,30.6,21.69,0.14,no
Other State Debt::S-0230,New-York.xls,"Illinois 6, 1865",,20.4,5.82,0.09,no
Other State Debt::S-0240,New-York.xls,"Illinois 6, 1866",,,,0.0,no
Other State Debt::S-0250,New-York.xls,"Illinois 6, 1870",,39.42,22.26,4.3,yes
Other State Debt::S-0320,New-York.xls,"Illinois Bank Bonds, 6s",,34.5,7.78,0.06,yes
Other State Debt::S-0310,New-York.xls,"Illinois Bank Bonds 6s, 1800",,30.0,,0.03,no
Other State Debt::S-0341,New-York.xls,Illinois Canal Loan,,85.0,0.0,0.09,no
Other State Debt::S-0342,New-York.xls,"Illinois Canal Bonds, 1847",,47.17,27.13,0.17,no
Other State Debt::S-0343,New-York.xls,Illinois Canal Bonds 1860,,65.0,,0.03,no
Other State Debt::S-0344,New-York.xls,"Illinois Canal Bonds 1860, registered old debt",,84.08,11.14,0.17,no
Other State Debt::S-0345,New-York.xls,Illinois Canal Bonds 1870,,85.0,,0.03,no
Other State Debt::S-0330,New-York.xls,Illinois Canal Dollar Bonds,,37.33,2.31,0.09,no
Other State Debt::S-0340,New-York.xls,Illinois Canal Dollar Registered,,55.08,6.56,0.54,no
Other State Debt::S-0350,New-York.xls,Illinois Canal Sterling Bonds Registered,,52.5,4.95,0.06,no
Other State Debt::S-0270,New-York.xls,"Illinois 6s, Canal (fundable)",,41.43,2.29,1.23,no
Other State Debt::S-0290,New-York.xls,"Illinois 6s, Canal 1860",,38.61,4.93,0.6,yes
Other State Debt::S-0280,New-York.xls,"Illinois 6s, Canal 1870",,42.5,,0.03,no
Other State Debt::S-0326,New-York.xls,Illinois Canal Special Preferred 5s,,15.0,,0.03,no
Other State Debt::S-0256,New-York.xls,"Illinois Sterling 6s, 1875",,88.75,,0.03,no
Other State Debt::S-0370,New-York.xls,"Illinois Internal Improvement Stock, 1848",,32.88,4.37,0.23,no
Other State Debt::S-0360,New-York.xls,"Illinois Internal Improvement Stock, 1847",,66.84,16.08,3.69,no
Other State Debt::S-0380,New-York.xls,"Illinois Internal Improvement Stock, Int Stock",,43.2,12.36,2.89,no
Other State Debt::S-0460,New-York.xls,Indiana Bonds,,54.19,16.4,2.78,yes
Other State Debt::S-0530,New-York.xls,Indiana Sterling Bonds,,19.25,0.35,0.06,no
Other State Debt::S-0430,New-York.xls,Indiana 5s,,65.94,27.69,7.45,yes
Other State Debt::S-0540,New-York.xls,"Indiana Sterling 5s, 25 years","Indiana -- likely defaulted candidate (1846 Butler Bill), not NY",35.61,5.88,4.07,yes
Other State Debt::S-0550,New-York.xls,"Indiana Sterling 5s, 50 years",,30.94,6.37,0.57,no
Other State Debt::S-0510,New-York.xls,"Indiana Dollar 5s, 25 years","Indiana -- likely defaulted candidate (1846 Butler Bill), not NY",36.44,5.65,5.61,yes
Other State Debt::S-0520,New-York.xls,"Indiana Dollar 5s, 50 years",,37.01,5.04,1.06,yes
Other State Debt::S-0410,New-York.xls,"Indiana 5s, 50 years",,23.18,7.39,0.69,yes
Other State Debt::S-0420,New-York.xls,"Indiana 5s, 1862",,52.0,,0.03,no
Other State Debt::S-0440,New-York.xls,"Indiana 5s, 1863",,74.5,0.71,0.06,no
Other State Debt::S-0450,New-York.xls,"Indiana 5s, 1889",,74.0,,0.03,no
Other State Debt::S-0400,New-York.xls,Indiana 2.5s,,46.57,10.1,3.18,no
Other State Debt::S-0470,New-York.xls,Indiana Canal,,87.75,5.4,1.55,no
Other State Debt::S-0490,New-York.xls,Indiana Canal Preferred 5s,,39.01,8.32,1.86,no
Other State Debt::S-0500,New-York.xls,Indiana Canal Special Preferred 5s,,20.46,6.47,1.09,no
Other State Debt::S-0480,New-York.xls,Indiana Canal Deferred 5s,,15.09,8.64,0.63,no
Other State Debt::S-0506,New-York.xls,Indiana Canal Special Deferred 5s,,8.65,2.06,0.6,no
Other State Debt::S-0710,New-York.xls,Kentucky Bonds,,81.75,,0.03,no
Other State Debt::S-0580,New-York.xls,Kentucky (payable in New York),,87.75,5.5,0.11,no
Other State Debt::S-0620,New-York.xls,Kentucky 6s,,96.63,8.5,5.99,no
Other State Debt::S-0690,New-York.xls,"Kentucky 6s, large bonds",,100.59,4.91,0.66,no
Other State Debt::S-0680,New-York.xls,"Kentucky 6s, 1871",,90.48,11.48,2.86,no
Other State Debt::S-0636,New-York.xls,"Kentucky 6s 36 years, 1871",,107.7,0.54,0.14,no
Other State Debt::S-0634,New-York.xls,"Kentucky 6s 30 years, 1871",,107.08,2.42,3.95,no
Other State Debt::S-0630,New-York.xls,"Kentucky 6s 15 years, 1871",,104.69,2.93,0.6,no
Other State Debt::S-0700,New-York.xls,"Kentucky 6s, short term",,95.5,1.0,0.11,no
Other State Debt::S-0590,New-York.xls,Kentucky 5s,,81.67,6.84,1.78,no
Other State Debt::S-0600,New-York.xls,Kentucky 5s (payable in New York),,89.31,6.81,1.06,no
Other State Debt::S-0610,New-York.xls,"Kentucky 5s, large bonds",,86.95,2.88,0.63,no
Other State Debt::S-0720,New-York.xls,Louisiana 6s,,,,0.0,no
Other State Debt::S-0880,New-York.xls,Maryland Bonds,,65.0,,0.03,no
Other State Debt::S-0810,New-York.xls,Maryland 5s,,87.0,,0.03,no
Other State Debt::S-1050,New-York.xls,Michigan 6s,,79.02,24.95,0.46,no
Other State Debt::S-1116,New-York.xls,North Carolina 6s,,102.0,2.0,0.09,no
Other State Debt::S-2200,New-York.xls,Ohio Scrip,,107.3,0.54,0.14,no
Other State Debt::S-2160,New-York.xls,Ohio 7s,,102.39,1.76,5.5,no
Other State Debt::S-2170,New-York.xls,"Ohio 7s, 1851",,101.95,1.15,0.69,no
Other State Debt::S-2180,New-York.xls,"Ohio 7s, 1856",,104.33,2.02,0.09,no
Other State Debt::S-2100,New-York.xls,"Ohio 6s, 1850","Ohio -- safe candidate (never defaulted), not NY",107.26,15.23,14.86,yes
Other State Debt::S-2106,New-York.xls,"Ohio 6s, 1851",,101.5,,0.03,no
Other State Debt::S-2110,New-York.xls,"Ohio 6s, 1856","Ohio -- safe candidate (never defaulted), not NY",94.35,15.49,4.73,yes
Other State Debt::S-2120,New-York.xls,"Ohio 6s, 1858",,92.83,2.02,0.09,no
Other State Debt::S-2080,New-York.xls,"Ohio 6s, 1860","Ohio -- safe candidate (never defaulted), not NY",96.5,12.1,14.4,yes
Other State Debt::S-2140,New-York.xls,"Ohio 6s, 1870",,104.1,9.33,3.55,no
Other State Debt::S-2090,New-York.xls,"Ohio 6s, 1875",,115.21,1.2,1.55,no
Other State Debt::S-2150,New-York.xls,"Ohio 6s, 1876",,114.5,,0.03,no
Other State Debt::S-2010,New-York.xls,"Ohio 5s, 1850","Ohio -- safe candidate (never defaulted), not NY",100.34,12.64,4.78,yes
Other State Debt::S-2020,New-York.xls,"Ohio 5s, 1851",,103.58,1.72,0.17,no
Other State Debt::S-2030,New-York.xls,"Ohio 5s, 1855",,103.5,,0.03,no
Other State Debt::S-2036,New-York.xls,"Ohio 5s, 1856",,100.0,0.0,0.06,no
Other State Debt::S-2040,New-York.xls,"Ohio 5s, 1860",,78.7,14.08,0.23,no
Other State Debt::S-2046,New-York.xls,"Ohio 5s, 1863",,105.25,,0.03,no
Other State Debt::S-2050,New-York.xls,"Ohio 5s, 1865",,104.14,1.05,0.69,no
Other State Debt::S-2060,New-York.xls,"Ohio 5s, 1875",,112.91,3.74,0.23,no
Other State Debt::S-2190,New-York.xls,Ohio Canal 5s,,101.0,0.0,0.06,no
Other State Debt::S-2390,New-York.xls,Pennsylvania 6s,,71.6,18.98,0.29,no
Other State Debt::S-2456,New-York.xls,"Pennsylvania 6s, New Loan",,100.31,0.62,0.11,no
Other State Debt::S-2446,New-York.xls,"Pennsylvania 6s, 1879",,101.19,4.87,0.23,no
Other State Debt::S-2210,New-York.xls,Pennsylvania 5s,,79.55,12.97,10.94,no
Other State Debt::S-2216,New-York.xls,"Pennsylvania 5s, Coupon",,101.5,2.43,0.2,no
Other State Debt::S-2590,New-York.xls,Tennessee 6s,,97.22,6.84,1.23,no
Other State Debt::S-2594,New-York.xls,"Tennessee 6s, Long Loan",,106.5,2.12,0.06,no
Other State Debt::S-2597,New-York.xls,"Tennessee 6s, New Loan",,105.0,2.45,0.14,no
Other State Debt::S-2600,New-York.xls,"Tennessee 6s, 1860",,93.66,3.31,0.23,no
Other State Debt::S-2570,New-York.xls,Tennessee 5s,,84.21,10.75,0.54,no
Other State Debt::S-2580,New-York.xls,"Tennessee 5s, 1860",,81.9,5.03,1.6,no
Other State Debt::S-2650,New-York.xls,Texas Notes,,12.5,,0.03,no
Other State Debt::S-2620,New-York.xls,Texas Bonds,,17.0,,0.03,no
Other State Debt::S-0570,New-York.xls,Jersey Money,,90.0,,0.03,no
Other State Debt::S-1130,New-York.xls,North Carolina Paper,,28.75,,0.03,no
Other State Debt::S-2690,New-York.xls,Virginia 6s,,106.19,0.9,0.11,no
Other State Debt::S-2694,New-York.xls,Virginia 6s 1857,,109.75,1.7,0.86,no
Other State Debt::S-2697,New-York.xls,"Virginia coupon 6s, 1886",,105.55,1.21,0.29,no
S-2476,Philadelphia1.xls,Pennsylvania Debts,,52.96,12.01,0.86,no
S-1136,Philadelphia1.xls,North and South Carolina debts,,65.79,7.44,2.35,no
S-2400,Philadelphia1.xls,"Pennsylvania 6s, r. 1843",,66.42,11.17,6.1,yes
S-2450,Philadelphia1.xls,"Pennsylvania 6s, semi annual 6s, r. 1846",,84.21,8.66,7.12,no
S-2410,Philadelphia1.xls,"Pennsylvania 6s, r. 1846",,67.71,10.65,5.62,no
S-2420,Philadelphia1.xls,"Pennsylvania 6s, r. 1846-1847",,100.91,0.83,1.27,no
S-2430,Philadelphia1.xls,"Pennsylvania 6s, r. 1846-1879",,105.84,2.27,1.37,no
S-2260,Philadelphia1.xls,"Pennsylvania 5s, r. 1846-1872",,93.27,1.85,1.33,no
S-2440,Philadelphia1.xls,"Pennsylvania 6s, r. 1847",,69.84,8.69,5.12,no
S-2470,Philadelphia1.xls,Pennsylvania old annual 5s,,71.13,4.82,2.64,no
S-2460,Philadelphia1.xls,Pennsylvania new annual 5s,,71.41,4.6,2.61,no
S-2210,Philadelphia1.xls,Pennsylvania 5s,,105.81,2.74,10.04,no
S-2220,Philadelphia1.xls,"Pennsylvania 5s, r. 1834",,101.2,1.52,4.89,no
S-2230,Philadelphia1.xls,"Pennsylvania 5s, r. 1839",,101.16,5.11,11.38,no
S-2240,Philadelphia1.xls,"Pennsylvania 5s, r. 1841",,97.76,14.03,13.35,yes
S-2250,Philadelphia1.xls,"Pennsylvania 5s, r. 1846",,94.37,15.09,17.41,yes
S-2270,Philadelphia1.xls,"Pennsylvania 5s, r. 1850",,99.0,14.81,14.2,yes
S-2280,Philadelphia1.xls,"Pennsylvania 5s, r. 1853",,92.9,18.88,10.8,yes
S-2290,Philadelphia1.xls,"Pennsylvania 5s, r. 1853/54",,110.12,4.11,5.66,no
S-2300,Philadelphia1.xls,"Pennsylvania 5s, r. 1854",,94.36,17.38,10.55,yes
S-2310,Philadelphia1.xls,"Pennsylvania 5s, r. 1856",,100.07,16.81,16.4,yes
S-2320,Philadelphia1.xls,"Pennsylvania 5s, r. 1858",,98.77,18.03,15.16,yes
S-2380,Philadelphia1.xls,"Pennsylvania 5s, 1858/60",,114.45,1.86,1.37,no
S-2330,Philadelphia1.xls,"Pennsylvania 5s, r. 1859",,60.29,13.03,2.96,no
S-2340,Philadelphia1.xls,"Pennsylvania 5s, r. 1860",,97.37,18.89,13.09,yes
S-2350,Philadelphia1.xls,"Pennsylvania 5s, r. 1861",,95.08,19.16,10.74,yes
S-2360,Philadelphia1.xls,"Pennsylvania 5s, r. 1862",,95.36,19.31,10.74,yes
S-2370,Philadelphia1.xls,"Pennsylvania 5s, r. 1865",,93.63,21.07,10.55,yes
S-2100,Philadelphia1.xls,"Ohio 6s, 1850","Ohio -- safe candidate (never defaulted), not NY",111.08,10.2,18.3,no
S-2010,Philadelphia1.xls,"Ohio 5s, 1850","Ohio -- safe candidate (never defaulted), not NY",106.07,5.75,8.48,no
S-0660,Philadelphia1.xls,Kentucky 6s r. 1848,,96.52,7.01,2.45,no
S-0670,Philadelphia1.xls,Kentucky 6s r. 1868-71,,100.09,4.62,11.12,no
S-2590,Philadelphia1.xls,Tennessee 6s,,93.3,9.64,2.61,no
S-2570,Philadelphia1.xls,Tennessee 5s,,80.75,5.44,9.53,no
S-2650,Philadelphia1.xls,Texas Notes,,46.5,4.75,0.22,no
S-2640,Philadelphia1.xls,"Texas Bonds, 8s",,59.67,4.51,0.1,no
S-2630,Philadelphia1.xls,"Texas Bonds, 10s",,67.5,3.54,0.06,no
