date,state,code,name,tranche,price,coupon,yield_measure_used,yield,active_default_override,excluded_near_maturity,excluded_past_maturity,coupon_assumed_paid_in_full,sanity_flag
1850-09-21,Indiana,S-0480,Indiana Canal Deferred 5s,deferred,50.0,5.0,current_yield,10.0,True,False,False,True,possible_data_anomaly_first_print_2.4x_own_2nd_highest
1850-10-05,Indiana,S-0480,Indiana Canal Deferred 5s,deferred,9.0,5.0,current_yield,55.55555555555556,True,False,False,True,
1850-11-06,Indiana,S-0480,Indiana Canal Deferred 5s,deferred,6.0,5.0,current_yield,83.33333333333334,True,False,False,True,
1851-02-26,Indiana,S-0480,Indiana Canal Deferred 5s,deferred,15.0,5.0,current_yield,33.33333333333333,True,False,False,True,
1851-03-19,Indiana,S-0480,Indiana Canal Deferred 5s,deferred,10.0,5.0,current_yield,50.0,True,False,False,True,
1851-04-16,Indiana,S-0480,Indiana Canal Deferred 5s,deferred,10.0,5.0,current_yield,50.0,True,False,False,True,
1851-04-19,Indiana,S-0480,Indiana Canal Deferred 5s,deferred,10.0,5.0,current_yield,50.0,True,False,False,True,
1851-05-07,Indiana,S-0480,Indiana Canal Deferred 5s,deferred,13.0,5.0,current_yield,38.46153846153847,True,False,False,True,
1851-05-10,Indiana,S-0480,Indiana Canal Deferred 5s,deferred,13.0,5.0,current_yield,38.46153846153847,True,False,False,True,
1851-06-28,Indiana,S-0480,Indiana Canal Deferred 5s,deferred,13.0,5.0,current_yield,38.46153846153847,True,False,False,True,
1851-07-16,Indiana,S-0480,Indiana Canal Deferred 5s,deferred,15.0,5.0,current_yield,33.33333333333333,True,False,False,True,
1851-07-19,Indiana,S-0480,Indiana Canal Deferred 5s,deferred,15.0,5.0,current_yield,33.33333333333333,True,False,False,True,
1851-08-06,Indiana,S-0480,Indiana Canal Deferred 5s,deferred,7.0,5.0,current_yield,71.42857142857143,True,False,False,True,
1851-09-06,Indiana,S-0480,Indiana Canal Deferred 5s,deferred,14.0,5.0,current_yield,35.714285714285715,True,False,False,True,
1851-10-22,Indiana,S-0480,Indiana Canal Deferred 5s,deferred,15.5,5.0,current_yield,32.25806451612903,True,False,False,True,
1851-12-03,Indiana,S-0480,Indiana Canal Deferred 5s,deferred,15.0,5.0,current_yield,33.33333333333333,True,False,False,True,
1852-01-24,Indiana,S-0480,Indiana Canal Deferred 5s,deferred,20.0,5.0,current_yield,25.0,True,False,False,True,
1852-04-21,Indiana,S-0480,Indiana Canal Deferred 5s,deferred,21.0,5.0,current_yield,23.809523809523807,True,False,False,True,
1852-06-26,Indiana,S-0480,Indiana Canal Deferred 5s,deferred,15.0,5.0,current_yield,33.33333333333333,True,False,False,True,
1852-07-10,Indiana,S-0480,Indiana Canal Deferred 5s,deferred,18.0,5.0,current_yield,27.77777777777778,True,False,False,True,
1852-10-23,Indiana,S-0480,Indiana Canal Deferred 5s,deferred,13.0,5.0,current_yield,38.46153846153847,True,False,False,True,
1852-12-01,Indiana,S-0480,Indiana Canal Deferred 5s,deferred,14.5,5.0,current_yield,34.48275862068966,True,False,False,True,
1851-01-01,Indiana,S-0506,Indiana Canal Special Deferred 5s,deferred,10.0,5.0,current_yield,50.0,True,False,False,True,
1851-01-15,Indiana,S-0506,Indiana Canal Special Deferred 5s,deferred,10.0,5.0,current_yield,50.0,True,False,False,True,
1851-02-26,Indiana,S-0506,Indiana Canal Special Deferred 5s,deferred,9.5,5.0,current_yield,52.63157894736842,True,False,False,True,
1851-07-16,Indiana,S-0506,Indiana Canal Special Deferred 5s,deferred,7.0,5.0,current_yield,71.42857142857143,True,False,False,True,
1851-07-19,Indiana,S-0506,Indiana Canal Special Deferred 5s,deferred,7.0,5.0,current_yield,71.42857142857143,True,False,False,True,
1851-10-08,Indiana,S-0506,Indiana Canal Special Deferred 5s,deferred,1.0,5.0,current_yield,500.0,True,False,False,True,extreme_outlier_price_1.00_yield_500pct_capped_offchart_in_existing_robustness_chart
1851-10-22,Indiana,S-0506,Indiana Canal Special Deferred 5s,deferred,8.0,5.0,current_yield,62.5,True,False,False,True,
1851-12-03,Indiana,S-0506,Indiana Canal Special Deferred 5s,deferred,8.0,5.0,current_yield,62.5,True,False,False,True,
1852-01-24,Indiana,S-0506,Indiana Canal Special Deferred 5s,deferred,8.0,5.0,current_yield,62.5,True,False,False,True,
1852-03-06,Indiana,S-0506,Indiana Canal Special Deferred 5s,deferred,8.0,5.0,current_yield,62.5,True,False,False,True,
1852-03-10,Indiana,S-0506,Indiana Canal Special Deferred 5s,deferred,8.0,5.0,current_yield,62.5,True,False,False,True,
1852-05-22,Indiana,S-0506,Indiana Canal Special Deferred 5s,deferred,10.0,5.0,current_yield,50.0,True,False,False,True,
1852-06-16,Indiana,S-0506,Indiana Canal Special Deferred 5s,deferred,9.0,5.0,current_yield,55.55555555555556,True,False,False,True,
1852-06-26,Indiana,S-0506,Indiana Canal Special Deferred 5s,deferred,10.0,5.0,current_yield,50.0,True,False,False,True,
1852-07-10,Indiana,S-0506,Indiana Canal Special Deferred 5s,deferred,10.75,5.0,current_yield,46.51162790697674,True,False,False,True,
1852-11-03,Indiana,S-0506,Indiana Canal Special Deferred 5s,deferred,9.5,5.0,current_yield,52.63157894736842,True,False,False,True,
1852-11-27,Indiana,S-0506,Indiana Canal Special Deferred 5s,deferred,10.0,5.0,current_yield,50.0,True,False,False,True,
1853-02-26,Indiana,S-0506,Indiana Canal Special Deferred 5s,deferred,9.0,5.0,current_yield,55.55555555555556,True,False,False,True,
1853-03-09,Indiana,S-0506,Indiana Canal Special Deferred 5s,deferred,9.0,5.0,current_yield,55.55555555555556,True,False,False,True,
1853-05-21,Indiana,S-0506,Indiana Canal Special Deferred 5s,deferred,10.0,5.0,current_yield,50.0,True,False,False,True,
1853-06-04,Indiana,S-0506,Indiana Canal Special Deferred 5s,deferred,10.0,5.0,current_yield,50.0,True,False,False,True,
1850-04-24,Indiana,S-0490,Indiana Canal Preferred 5s,preferred,28.0,5.0,current_yield,17.857142857142858,True,False,False,True,
1850-05-04,Indiana,S-0490,Indiana Canal Preferred 5s,preferred,29.0,5.0,current_yield,17.24137931034483,True,False,False,True,
1850-06-01,Indiana,S-0490,Indiana Canal Preferred 5s,preferred,10.0,5.0,current_yield,50.0,True,False,False,True,
1850-09-18,Indiana,S-0490,Indiana Canal Preferred 5s,preferred,26.0,5.0,current_yield,19.230769230769234,True,False,False,True,
1850-10-05,Indiana,S-0490,Indiana Canal Preferred 5s,preferred,27.5,5.0,current_yield,18.181818181818183,True,False,False,True,
1850-10-23,Indiana,S-0490,Indiana Canal Preferred 5s,preferred,29.0,5.0,current_yield,17.24137931034483,True,False,False,True,
1850-11-06,Indiana,S-0490,Indiana Canal Preferred 5s,preferred,28.5,5.0,current_yield,17.543859649122805,True,False,False,True,
1850-11-16,Indiana,S-0490,Indiana Canal Preferred 5s,preferred,28.0,5.0,current_yield,17.857142857142858,True,False,False,True,
1850-12-07,Indiana,S-0490,Indiana Canal Preferred 5s,preferred,29.0,5.0,current_yield,17.24137931034483,True,False,False,True,
1850-12-11,Indiana,S-0490,Indiana Canal Preferred 5s,preferred,29.5,5.0,current_yield,16.94915254237288,True,False,False,True,
1850-12-18,Indiana,S-0490,Indiana Canal Preferred 5s,preferred,29.0,5.0,current_yield,17.24137931034483,True,False,False,True,
1850-12-25,Indiana,S-0490,Indiana Canal Preferred 5s,preferred,30.5,5.0,current_yield,16.39344262295082,True,False,False,True,
1851-01-01,Indiana,S-0490,Indiana Canal Preferred 5s,preferred,33.0,5.0,current_yield,15.151515151515152,True,False,False,True,
1851-01-15,Indiana,S-0490,Indiana Canal Preferred 5s,preferred,42.0,5.0,current_yield,11.904761904761903,True,False,False,True,
1851-01-22,Indiana,S-0490,Indiana Canal Preferred 5s,preferred,44.0,5.0,current_yield,11.363636363636363,True,False,False,True,
1851-02-19,Indiana,S-0490,Indiana Canal Preferred 5s,preferred,38.0,5.0,current_yield,13.157894736842104,True,False,False,True,
1851-03-19,Indiana,S-0490,Indiana Canal Preferred 5s,preferred,43.75,5.0,current_yield,11.428571428571429,True,False,False,True,
1851-04-16,Indiana,S-0490,Indiana Canal Preferred 5s,preferred,40.0,5.0,current_yield,12.5,True,False,False,True,
1851-04-19,Indiana,S-0490,Indiana Canal Preferred 5s,preferred,43.75,5.0,current_yield,11.428571428571429,True,False,False,True,
1851-04-23,Indiana,S-0490,Indiana Canal Preferred 5s,preferred,44.0,5.0,current_yield,11.363636363636363,True,False,False,True,
1851-05-07,Indiana,S-0490,Indiana Canal Preferred 5s,preferred,44.0,5.0,current_yield,11.363636363636363,True,False,False,True,
1851-05-10,Indiana,S-0490,Indiana Canal Preferred 5s,preferred,44.0,5.0,current_yield,11.363636363636363,True,False,False,True,
1851-05-21,Indiana,S-0490,Indiana Canal Preferred 5s,preferred,21.5,5.0,current_yield,23.25581395348837,True,False,False,True,
1851-07-02,Indiana,S-0490,Indiana Canal Preferred 5s,preferred,41.0,5.0,current_yield,12.195121951219512,True,False,False,True,
1851-09-27,Indiana,S-0490,Indiana Canal Preferred 5s,preferred,36.0,5.0,current_yield,13.88888888888889,True,False,False,True,
1851-10-08,Indiana,S-0490,Indiana Canal Preferred 5s,preferred,37.0,5.0,current_yield,13.513513513513514,True,False,False,True,
1851-10-22,Indiana,S-0490,Indiana Canal Preferred 5s,preferred,40.25,5.0,current_yield,12.422360248447204,True,False,False,True,
1851-11-19,Indiana,S-0490,Indiana Canal Preferred 5s,preferred,40.0,5.0,current_yield,12.5,True,False,False,True,
1851-12-03,Indiana,S-0490,Indiana Canal Preferred 5s,preferred,40.0,5.0,current_yield,12.5,True,False,False,True,
1852-02-11,Indiana,S-0490,Indiana Canal Preferred 5s,preferred,43.0,5.0,current_yield,11.627906976744184,True,False,False,True,
1852-02-25,Indiana,S-0490,Indiana Canal Preferred 5s,preferred,30.0,5.0,current_yield,16.666666666666664,True,False,False,True,
1852-03-06,Indiana,S-0490,Indiana Canal Preferred 5s,preferred,40.0,5.0,current_yield,12.5,True,False,False,True,
1852-03-24,Indiana,S-0490,Indiana Canal Preferred 5s,preferred,41.0,5.0,current_yield,12.195121951219512,True,False,False,True,
1852-04-03,Indiana,S-0490,Indiana Canal Preferred 5s,preferred,42.0,5.0,current_yield,11.904761904761903,True,False,False,True,
1852-04-07,Indiana,S-0490,Indiana Canal Preferred 5s,preferred,43.0,5.0,current_yield,11.627906976744184,True,False,False,True,
1852-05-01,Indiana,S-0490,Indiana Canal Preferred 5s,preferred,44.0,5.0,current_yield,11.363636363636363,True,False,False,True,
1852-05-05,Indiana,S-0490,Indiana Canal Preferred 5s,preferred,43.5,5.0,current_yield,11.494252873563218,True,False,False,True,
1852-05-15,Indiana,S-0490,Indiana Canal Preferred 5s,preferred,43.75,5.0,current_yield,11.428571428571429,True,False,False,True,
1852-05-22,Indiana,S-0490,Indiana Canal Preferred 5s,preferred,44.0,5.0,current_yield,11.363636363636363,True,False,False,True,
1852-05-29,Indiana,S-0490,Indiana Canal Preferred 5s,preferred,45.0,5.0,current_yield,11.11111111111111,True,False,False,True,
1852-06-02,Indiana,S-0490,Indiana Canal Preferred 5s,preferred,45.125,5.0,current_yield,11.080332409972298,True,False,False,True,
1852-06-12,Indiana,S-0490,Indiana Canal Preferred 5s,preferred,48.125,5.0,current_yield,10.38961038961039,True,False,False,True,
1852-06-16,Indiana,S-0490,Indiana Canal Preferred 5s,preferred,49.0,5.0,current_yield,10.20408163265306,True,False,False,True,
1852-06-26,Indiana,S-0490,Indiana Canal Preferred 5s,preferred,49.5,5.0,current_yield,10.1010101010101,True,False,False,True,
1852-07-10,Indiana,S-0490,Indiana Canal Preferred 5s,preferred,48.0,5.0,current_yield,10.416666666666668,True,False,False,True,
1852-07-24,Indiana,S-0490,Indiana Canal Preferred 5s,preferred,46.5,5.0,current_yield,10.75268817204301,True,False,False,True,
1852-07-28,Indiana,S-0490,Indiana Canal Preferred 5s,preferred,46.5,5.0,current_yield,10.75268817204301,True,False,False,True,
1852-08-11,Indiana,S-0490,Indiana Canal Preferred 5s,preferred,46.5,5.0,current_yield,10.75268817204301,True,False,False,True,
1852-08-28,Indiana,S-0490,Indiana Canal Preferred 5s,preferred,49.0,5.0,current_yield,10.20408163265306,True,False,False,True,
1852-09-04,Indiana,S-0490,Indiana Canal Preferred 5s,preferred,48.5,5.0,current_yield,10.309278350515465,True,False,False,True,
1852-09-22,Indiana,S-0490,Indiana Canal Preferred 5s,preferred,48.0,5.0,current_yield,10.416666666666668,True,False,False,True,
1852-10-06,Indiana,S-0490,Indiana Canal Preferred 5s,preferred,47.0,5.0,current_yield,10.638297872340424,True,False,False,True,
1852-10-30,Indiana,S-0490,Indiana Canal Preferred 5s,preferred,46.0,5.0,current_yield,10.869565217391305,True,False,False,True,
1852-11-13,Indiana,S-0490,Indiana Canal Preferred 5s,preferred,45.0,5.0,current_yield,11.11111111111111,True,False,False,True,
1852-11-20,Indiana,S-0490,Indiana Canal Preferred 5s,preferred,46.0,5.0,current_yield,10.869565217391305,True,False,False,True,
1852-11-27,Indiana,S-0490,Indiana Canal Preferred 5s,preferred,47.0,5.0,current_yield,10.638297872340424,True,False,False,True,
1852-12-11,Indiana,S-0490,Indiana Canal Preferred 5s,preferred,48.0,5.0,current_yield,10.416666666666668,True,False,False,True,
1852-12-15,Indiana,S-0490,Indiana Canal Preferred 5s,preferred,47.25,5.0,current_yield,10.582010582010582,True,False,False,True,
1853-02-09,Indiana,S-0490,Indiana Canal Preferred 5s,preferred,37.5,5.0,current_yield,13.333333333333334,True,False,False,True,
1853-03-26,Indiana,S-0490,Indiana Canal Preferred 5s,preferred,36.0,5.0,current_yield,13.88888888888889,True,False,False,True,
1853-05-07,Indiana,S-0490,Indiana Canal Preferred 5s,preferred,33.0,5.0,current_yield,15.151515151515152,True,False,False,True,
1853-05-21,Indiana,S-0490,Indiana Canal Preferred 5s,preferred,32.5,5.0,current_yield,15.384615384615383,True,False,False,True,
1853-06-11,Indiana,S-0490,Indiana Canal Preferred 5s,preferred,30.0,5.0,current_yield,16.666666666666664,True,False,False,True,
1853-06-18,Indiana,S-0490,Indiana Canal Preferred 5s,preferred,30.0,5.0,current_yield,16.666666666666664,True,False,False,True,
1853-07-09,Indiana,S-0490,Indiana Canal Preferred 5s,preferred,30.0,5.0,current_yield,16.666666666666664,True,False,False,True,
1850-09-18,Indiana,S-0500,Indiana Canal Special Preferred 5s,preferred,50.25,5.0,current_yield,9.950248756218906,True,False,False,True,
1850-10-26,Indiana,S-0500,Indiana Canal Special Preferred 5s,preferred,12.0,5.0,current_yield,41.66666666666667,True,False,False,True,
1850-11-06,Indiana,S-0500,Indiana Canal Special Preferred 5s,preferred,12.0,5.0,current_yield,41.66666666666667,True,False,False,True,
1851-01-01,Indiana,S-0500,Indiana Canal Special Preferred 5s,preferred,16.0,5.0,current_yield,31.25,True,False,False,True,
1851-01-15,Indiana,S-0500,Indiana Canal Special Preferred 5s,preferred,25.0,5.0,current_yield,20.0,True,False,False,True,
1851-01-29,Indiana,S-0500,Indiana Canal Special Preferred 5s,preferred,21.0,5.0,current_yield,23.809523809523807,True,False,False,True,
1851-02-05,Indiana,S-0500,Indiana Canal Special Preferred 5s,preferred,16.0,5.0,current_yield,31.25,True,False,False,True,
1851-03-19,Indiana,S-0500,Indiana Canal Special Preferred 5s,preferred,20.0,5.0,current_yield,25.0,True,False,False,True,
1851-04-16,Indiana,S-0500,Indiana Canal Special Preferred 5s,preferred,20.25,5.0,current_yield,24.69135802469136,True,False,False,True,
1851-04-19,Indiana,S-0500,Indiana Canal Special Preferred 5s,preferred,20.0,5.0,current_yield,25.0,True,False,False,True,
1851-05-07,Indiana,S-0500,Indiana Canal Special Preferred 5s,preferred,21.0,5.0,current_yield,23.809523809523807,True,False,False,True,
1851-05-10,Indiana,S-0500,Indiana Canal Special Preferred 5s,preferred,21.0,5.0,current_yield,23.809523809523807,True,False,False,True,
1851-06-07,Indiana,S-0500,Indiana Canal Special Preferred 5s,preferred,21.5,5.0,current_yield,23.25581395348837,True,False,False,True,
1851-06-14,Indiana,S-0500,Indiana Canal Special Preferred 5s,preferred,20.0,5.0,current_yield,25.0,True,False,False,True,
1851-07-16,Indiana,S-0500,Indiana Canal Special Preferred 5s,preferred,21.0,5.0,current_yield,23.809523809523807,True,False,False,True,
1851-09-06,Indiana,S-0500,Indiana Canal Special Preferred 5s,preferred,16.0,5.0,current_yield,31.25,True,False,False,True,
1851-10-08,Indiana,S-0500,Indiana Canal Special Preferred 5s,preferred,18.0,5.0,current_yield,27.77777777777778,True,False,False,True,
1851-12-03,Indiana,S-0500,Indiana Canal Special Preferred 5s,preferred,20.0,5.0,current_yield,25.0,True,False,False,True,
1851-12-17,Indiana,S-0500,Indiana Canal Special Preferred 5s,preferred,20.0,5.0,current_yield,25.0,True,False,False,True,
1851-12-31,Indiana,S-0500,Indiana Canal Special Preferred 5s,preferred,20.0,5.0,current_yield,25.0,True,False,False,True,
1852-01-10,Indiana,S-0500,Indiana Canal Special Preferred 5s,preferred,21.0,5.0,current_yield,23.809523809523807,True,False,False,True,
1852-03-10,Indiana,S-0500,Indiana Canal Special Preferred 5s,preferred,11.0,5.0,current_yield,45.45454545454545,True,False,False,True,
1852-04-17,Indiana,S-0500,Indiana Canal Special Preferred 5s,preferred,23.0,5.0,current_yield,21.73913043478261,True,False,False,True,
1852-05-05,Indiana,S-0500,Indiana Canal Special Preferred 5s,preferred,19.0,5.0,current_yield,26.31578947368421,True,False,False,True,
1852-05-22,Indiana,S-0500,Indiana Canal Special Preferred 5s,preferred,20.0,5.0,current_yield,25.0,True,False,False,True,
1852-06-02,Indiana,S-0500,Indiana Canal Special Preferred 5s,preferred,20.0,5.0,current_yield,25.0,True,False,False,True,
1852-06-16,Indiana,S-0500,Indiana Canal Special Preferred 5s,preferred,23.0,5.0,current_yield,21.73913043478261,True,False,False,True,
1852-06-26,Indiana,S-0500,Indiana Canal Special Preferred 5s,preferred,20.0,5.0,current_yield,25.0,True,False,False,True,
1852-07-10,Indiana,S-0500,Indiana Canal Special Preferred 5s,preferred,23.0,5.0,current_yield,21.73913043478261,True,False,False,True,
1852-08-28,Indiana,S-0500,Indiana Canal Special Preferred 5s,preferred,22.0,5.0,current_yield,22.727272727272727,True,False,False,True,
1852-11-03,Indiana,S-0500,Indiana Canal Special Preferred 5s,preferred,20.0,5.0,current_yield,25.0,True,False,False,True,
1852-11-13,Indiana,S-0500,Indiana Canal Special Preferred 5s,preferred,20.5,5.0,current_yield,24.390243902439025,True,False,False,True,
1852-11-27,Indiana,S-0500,Indiana Canal Special Preferred 5s,preferred,20.0,5.0,current_yield,25.0,True,False,False,True,
1852-12-15,Indiana,S-0500,Indiana Canal Special Preferred 5s,preferred,20.0,5.0,current_yield,25.0,True,False,False,True,
1853-01-12,Indiana,S-0500,Indiana Canal Special Preferred 5s,preferred,22.0,5.0,current_yield,22.727272727272727,True,False,False,True,
1853-02-26,Indiana,S-0500,Indiana Canal Special Preferred 5s,preferred,15.0,5.0,current_yield,33.33333333333333,True,False,False,True,
1853-06-04,Indiana,S-0500,Indiana Canal Special Preferred 5s,preferred,35.0,5.0,current_yield,14.285714285714285,True,False,False,True,
1853-07-23,Indiana,S-0500,Indiana Canal Special Preferred 5s,preferred,12.0,5.0,current_yield,41.66666666666667,True,False,False,True,
