date,code,price,coupon,yield_measure_used,yield_pct,current_yield_pct,flags
1840-06-06,S-2010,89.0,5.0,ytm,6.507134381848341,5.617977528089887,
1840-07-25,S-2010,80.0,5.0,ytm,7.910260129581278,6.25,
1840-09-19,S-2010,80.0,5.0,ytm,7.949146433369377,6.25,
1840-12-19,S-2010,80.0,5.0,ytm,8.015151515151516,6.25,
1841-02-20,S-2010,90.5,5.0,ytm,6.374741850503163,5.524861878453039,
1841-06-05,S-2010,81.5,5.0,ytm,7.886994289815606,6.134969325153374,
1842-04-09,S-2010,48.0,5.0,ytm,15.845360232754002,10.416666666666668,panic_window_spike
1842-04-30,S-2010,55.0,5.0,ytm,14.01781501386763,9.090909090909092,panic_window_spike
1842-06-04,S-2010,80.0,5.0,ytm,8.487877328195246,6.25,panic_window_spike
1842-07-09,S-2010,50.0,5.0,ytm,15.57628979143798,10.0,
1842-08-27,S-2010,50.0,5.0,ytm,15.73894684550422,10.0,
1842-10-08,S-2010,59.0,5.0,ytm,13.419055508738856,8.47457627118644,
1842-10-22,S-2010,59.0,5.0,ytm,13.457037419947737,8.47457627118644,
1842-12-03,S-2010,59.0,5.0,ytm,13.573450655926688,8.47457627118644,
1843-07-01,S-2010,80.0,5.0,ytm,8.971661054994389,6.25,
1843-09-09,S-2010,78.0,5.0,ytm,9.53326446885019,6.41025641025641,
1843-09-16,S-2010,83.0,5.0,ytm,8.416227535374135,6.024096385542169,
1843-09-23,S-2010,86.0,5.0,ytm,7.775291335922987,5.813953488372093,
1848-07-22,S-2010,99.0,5.0,ytm,5.720363179534034,5.05050505050505,
1840-08-01,S-2080,96.75,6.0,ytm,6.269255907653343,6.2015503875969,
1840-10-10,S-2080,97.25,6.0,ytm,6.228685944121301,6.169665809768637,
1840-10-18,S-2080,97.25,6.0,ytm,6.228851368420139,6.169665809768637,
1840-10-25,S-2080,98.0,6.0,ytm,6.165912010067854,6.122448979591836,
1841-02-13,S-2080,93.0,6.0,ytm,6.601822187225754,6.451612903225806,
1841-02-27,S-2080,92.0,6.0,ytm,6.692276954373728,6.521739130434782,
1841-03-10,S-2080,90.0,6.0,ytm,6.875349485633746,6.666666666666667,
1841-05-01,S-2080,93.0,6.0,ytm,6.606160628600215,6.451612903225806,
1841-06-12,S-2080,97.0,6.0,ytm,6.2555193776501445,6.185567010309279,
1841-06-19,S-2080,93.0,6.0,ytm,6.608972838107776,6.451612903225806,
1841-06-26,S-2080,90.0,6.0,ytm,6.884285236231197,6.666666666666667,
1841-07-03,S-2080,94.0,6.0,ytm,6.519977660178353,6.382978723404255,
1841-07-10,S-2080,94.25,6.0,ytm,6.498002564086428,6.36604774535809,
1841-08-07,S-2080,93.75,6.0,ytm,6.544158655346028,6.4,
1841-08-14,S-2080,94.0,6.0,ytm,6.52206959453857,6.382978723404255,
1841-08-28,S-2080,94.0,6.0,ytm,6.52277273426681,6.382978723404255,
1841-09-18,S-2080,93.0,6.0,ytm,6.614304986552081,6.451612903225806,
1841-10-16,S-2080,90.5,6.0,ytm,6.846936758074388,6.629834254143646,
1841-11-13,S-2080,90.0,6.0,ytm,6.896302359401448,6.666666666666667,panic_window_spike
1841-11-20,S-2080,88.0,6.0,ytm,7.087749877794643,6.8181818181818175,panic_window_spike
1841-12-04,S-2080,84.0,6.0,ytm,7.483898159977873,7.142857142857142,panic_window_spike
1841-12-11,S-2080,81.0,6.0,ytm,7.7925684534156545,7.4074074074074066,panic_window_spike
1841-12-18,S-2080,80.0,6.0,ytm,7.898704715644607,7.5,panic_window_spike
1841-12-25,S-2080,71.0,6.0,ytm,8.900023192763857,8.450704225352112,panic_window_spike
1842-01-01,S-2080,71.0,6.0,ytm,8.902027658132248,8.450704225352112,panic_window_spike
1842-01-15,S-2080,60.0,6.0,ytm,10.283917682926829,10.0,panic_window_spike
1842-01-22,S-2080,65.0,6.0,ytm,9.637362484913226,9.230769230769232,panic_window_spike
1842-01-29,S-2080,70.0,6.0,ytm,9.028144713430745,8.571428571428571,panic_window_spike
1842-02-05,S-2080,67.0,6.0,ytm,9.39315740746676,8.955223880597014,panic_window_spike
1842-02-12,S-2080,68.0,6.0,ytm,9.273029481235238,8.823529411764707,panic_window_spike
1842-02-19,S-2080,68.0,6.0,ytm,9.275314723590586,8.823529411764707,panic_window_spike
1842-03-05,S-2080,61.0,6.0,ytm,10.171177109735936,9.836065573770492,panic_window_spike
1842-03-12,S-2080,51.75,6.0,ytm,11.478894751879972,11.594202898550725,panic_window_spike
1842-03-19,S-2080,58.0,6.0,ytm,10.583755306733584,10.344827586206897,panic_window_spike
1842-03-26,S-2080,54.5,6.0,ytm,11.081798734423383,11.009174311926609,panic_window_spike
1842-04-02,S-2080,52.5,6.0,ytm,11.37853604509145,11.428571428571429,panic_window_spike
1842-04-16,S-2080,63.5,6.0,ytm,9.86036439135978,9.448818897637794,panic_window_spike
1842-04-23,S-2080,69.25,6.0,ytm,9.14395806503376,8.664259927797833,panic_window_spike
1842-04-30,S-2080,70.5,6.0,ytm,8.996163377862985,8.51063829787234,panic_window_spike
1842-05-07,S-2080,86.0,6.0,ytm,7.304340430641158,6.976744186046512,panic_window_spike
1842-05-14,S-2080,73.5,6.0,ytm,8.64868746552055,8.16326530612245,panic_window_spike
1842-05-28,S-2080,75.5,6.0,ytm,8.424328986021843,7.947019867549669,panic_window_spike
1842-06-04,S-2080,78.0,6.0,ytm,8.147905071931115,7.6923076923076925,panic_window_spike
1842-06-11,S-2080,80.0,6.0,ytm,7.932324964915017,7.5,panic_window_spike
1842-06-18,S-2080,84.0,6.0,ytm,7.513336681643567,7.142857142857142,panic_window_spike
1842-07-02,S-2080,79.0,6.0,ytm,8.044666517504423,7.59493670886076,
1842-07-16,S-2080,68.5,6.0,ytm,9.262808076352966,8.75912408759124,
1842-07-23,S-2080,74.0,6.0,ytm,8.609864742718893,8.108108108108109,
1842-07-30,S-2080,74.5,6.0,ytm,8.554183723271484,8.053691275167784,
1842-08-06,S-2080,73.0,6.0,ytm,8.729851304056064,8.21917808219178,
1842-08-13,S-2080,72.0,6.0,ytm,8.849478117560887,8.333333333333332,
1842-08-20,S-2080,70.0,6.0,ytm,9.091170442637091,8.571428571428571,
1842-08-27,S-2080,71.5,6.0,ytm,8.913041677710044,8.391608391608392,
1842-09-03,S-2080,72.75,6.0,ytm,8.767134219414501,8.24742268041237,
1842-09-10,S-2080,73.0,6.0,ytm,8.73978016029902,8.21917808219178,
1842-09-17,S-2080,72.5,6.0,ytm,8.800647182347069,8.275862068965518,
1842-09-24,S-2080,72.5,6.0,ytm,8.80269361197651,8.275862068965518,
1842-10-01,S-2080,72.5,6.0,ytm,8.80474458850562,8.275862068965518,
1842-10-08,S-2080,71.125,6.0,ytm,8.97082058741812,8.43585237258348,
1842-10-15,S-2080,71.0,6.0,ytm,8.988053878931462,8.450704225352112,
1842-10-22,S-2080,70.5,6.0,ytm,9.050726600295125,8.51063829787234,
1842-11-05,S-2080,67.5,6.0,ytm,9.426209202947916,8.88888888888889,
1842-11-12,S-2080,70.0,6.0,ytm,9.118445908480023,8.571428571428571,
1842-11-19,S-2080,70.5,6.0,ytm,9.059740179330298,8.51063829787234,
1842-11-26,S-2080,70.75,6.0,ytm,9.031611819470218,8.480565371024735,
1842-12-03,S-2080,71.25,6.0,ytm,8.973292956052264,8.421052631578947,
1842-12-10,S-2080,72.625,6.0,ytm,8.81062790041756,8.261617900172118,
1842-12-17,S-2080,68.5,6.0,ytm,9.315786312007509,8.75912408759124,
1842-12-24,S-2080,69.5,6.0,ytm,9.193960038205264,8.633093525179856,
1842-12-31,S-2080,67.0,6.0,ytm,9.5101102143539,8.955223880597014,
1843-01-07,S-2080,67.0,6.0,ytm,9.512733359655025,8.955223880597014,
1843-01-14,S-2080,66.75,6.0,ytm,9.547304301367715,8.98876404494382,
1843-01-21,S-2080,63.0,6.0,ytm,10.04121700186458,9.523809523809524,
1843-01-28,S-2080,65.25,6.0,ytm,9.746599737366452,9.195402298850574,
1843-02-04,S-2080,66.0,6.0,ytm,9.651919418564948,9.090909090909092,policy_signal_window
1843-02-11,S-2080,65.75,6.0,ytm,9.68709468223087,9.125475285171104,policy_signal_window
1843-02-18,S-2080,66.0,6.0,ytm,9.65742535146266,9.090909090909092,policy_signal_window
1843-03-11,S-2080,70.25,6.0,ytm,9.127444790426036,8.540925266903916,policy_signal_window
1843-03-18,S-2080,70.5,6.0,ytm,9.098966076028294,8.51063829787234,policy_signal_window
1843-03-25,S-2080,70.0,6.0,ytm,9.163161836722937,8.571428571428571,policy_signal_window
1843-04-01,S-2080,68.75,6.0,ytm,9.321893555591872,8.727272727272728,policy_signal_window
1843-04-08,S-2080,68.75,6.0,ytm,9.324425538103547,8.727272727272728,policy_signal_window
1843-04-15,S-2080,67.25,6.0,ytm,9.51792803810741,8.921933085501859,policy_signal_window
1843-04-22,S-2080,69.5,6.0,ytm,9.23522001991078,8.633093525179856,policy_signal_window
1843-04-29,S-2080,78.5,6.0,ytm,8.167236686170117,7.643312101910828,policy_signal_window
1843-05-06,S-2080,80.0,6.0,ytm,8.000767039228577,7.5,
1843-05-13,S-2080,88.25,6.0,ytm,7.124800124825693,6.79886685552408,
1843-05-20,S-2080,86.5,6.0,ytm,7.305453356948205,6.9364161849710975,
1843-06-03,S-2080,89.25,6.0,ytm,7.026002575695971,6.722689075630252,
1843-06-10,S-2080,92.375,6.0,ytm,6.716477551587313,6.495263870094722,
1843-06-17,S-2080,89.5,6.0,ytm,7.00236864376803,6.70391061452514,
1843-06-24,S-2080,87.5,6.0,ytm,7.206959403479701,6.857142857142858,
1843-07-01,S-2080,91.0,6.0,ytm,6.853748823118639,6.593406593406594,
1843-07-08,S-2080,90.0,6.0,ytm,6.954344006503553,6.666666666666667,
1843-07-15,S-2080,89.5,6.0,ytm,7.005487635271439,6.70391061452514,
1843-07-22,S-2080,89.0,6.0,ytm,7.056978498629905,6.741573033707865,
1843-07-29,S-2080,89.5,6.0,ytm,7.0070580474934046,6.70391061452514,
1843-08-05,S-2080,90.5,6.0,ytm,6.907074001032701,6.629834254143646,
1843-08-12,S-2080,89.5,6.0,ytm,7.008635805445776,6.70391061452514,
1843-08-19,S-2080,91.0,6.0,ytm,6.858428583812979,6.593406593406594,
1843-08-26,S-2080,91.625,6.0,ytm,6.796835984758618,6.548431105047749,
1843-09-02,S-2080,92.0,6.0,ytm,6.7602682313495395,6.521739130434782,
1843-09-09,S-2080,92.125,6.0,ytm,6.748491882998818,6.512890094979647,
1843-09-16,S-2080,94.25,6.0,ytm,6.540966152796098,6.36604774535809,
1843-09-23,S-2080,96.0,6.0,ytm,6.373259263328481,6.25,
1843-09-30,S-2080,95.375,6.0,ytm,6.433304657315117,6.290956749672345,
1843-10-28,S-2080,94.625,6.0,ytm,6.507121007730933,6.340819022457067,
1843-11-04,S-2080,96.125,6.0,ytm,6.363092395681408,6.241872561768531,
1843-11-11,S-2080,98.25,6.0,ytm,6.162349309640012,6.106870229007633,
1843-11-18,S-2080,100.5,6.0,ytm,5.9540982801149305,5.970149253731343,
1843-12-02,S-2080,100.0,6.0,ytm,6.0,6.0,
1843-12-09,S-2080,102.75,6.0,ytm,5.74973986667471,5.839416058394161,
1843-12-16,S-2080,103.75,6.0,ytm,5.660137356309805,5.783132530120482,
1843-12-30,S-2080,102.0,6.0,ytm,5.816874024042843,5.88235294117647,
1844-01-06,S-2080,99.5,6.0,ytm,6.046392741573063,6.030150753768844,
1844-01-13,S-2080,99.5,6.0,ytm,6.046430376352403,6.030150753768844,
1844-01-20,S-2080,94.75,6.0,ytm,6.499815434115488,6.33245382585752,
1844-01-27,S-2080,96.0,6.0,ytm,6.378691043278777,6.25,
1844-02-03,S-2080,97.75,6.0,ytm,6.2113007263568525,6.138107416879795,
1844-02-10,S-2080,97.0,6.0,ytm,6.283037778951678,6.185567010309279,
1844-02-17,S-2080,98.875,6.0,ytm,6.105224456135714,6.06826801517067,
1844-02-24,S-2080,99.75,6.0,ytm,6.0232998502013535,6.015037593984962,
1844-03-02,S-2080,99.0,6.0,ytm,6.093627396884126,6.0606060606060606,
1844-03-09,S-2080,98.75,6.0,ytm,6.117277740030314,6.075949367088607,
1844-03-16,S-2080,98.0,6.0,ytm,6.188510166669293,6.122448979591836,
1844-03-23,S-2080,96.0,6.0,ytm,6.3811814208501865,6.25,
1844-03-30,S-2080,94.5,6.0,ytm,6.528602601068926,6.349206349206349,
1844-04-13,S-2080,95.0,6.0,ytm,6.480109335012663,6.315789473684211,
1844-04-20,S-2080,93.75,6.0,ytm,6.604509603159422,6.4,
1844-04-27,S-2080,94.25,6.0,ytm,6.55517824192523,6.36604774535809,
1844-05-04,S-2080,98.75,6.0,ytm,6.118056471830057,6.075949367088607,
1844-05-11,S-2080,98.875,6.0,ytm,6.106272559974643,6.06826801517067,
1844-05-18,S-2080,99.25,6.0,ytm,6.0707740778708805,6.045340050377834,
1844-05-25,S-2080,101.75,6.0,ytm,5.836770424081444,5.896805896805897,
1844-06-01,S-2080,101.75,6.0,ytm,5.836633689231871,5.896805896805897,
1844-06-08,S-2080,101.0,6.0,ytm,5.906220874519224,5.9405940594059405,
1844-06-15,S-2080,100.25,6.0,ytm,5.976447633483859,5.985037406483791,
1844-06-22,S-2080,97.25,6.0,ytm,6.263237752208722,6.169665809768637,
1844-06-29,S-2080,96.25,6.0,ytm,6.3610938680772975,6.233766233766234,
1844-07-06,S-2080,98.0,6.0,ytm,6.191042473524354,6.122448979591836,
1844-07-13,S-2080,98.0,6.0,ytm,6.191204076159828,6.122448979591836,
1844-07-27,S-2080,98.0,6.0,ytm,6.191528485708756,6.122448979591836,
1844-08-03,S-2080,98.0,6.0,ytm,6.191691295617392,6.122448979591836,
1844-08-10,S-2080,98.0,6.0,ytm,6.1918545109580325,6.122448979591836,
1844-08-17,S-2080,98.0,6.0,ytm,6.192018133246984,6.122448979591836,
1844-08-24,S-2080,98.0,6.0,ytm,6.192182164008127,6.122448979591836,
1844-08-31,S-2080,97.375,6.0,ytm,6.253254332693463,6.161745827984596,
1844-09-07,S-2080,98.25,6.0,ytm,6.168235106881314,6.106870229007633,
1844-09-14,S-2080,98.75,6.0,ytm,6.119968525316519,6.075949367088607,
1844-09-21,S-2080,99.375,6.0,ytm,6.0598476421613245,6.037735849056604,
1844-09-28,S-2080,99.375,6.0,ytm,6.059899189272955,6.037735849056604,
1844-10-05,S-2080,100.0,6.0,ytm,6.0,6.0,
1844-10-12,S-2080,100.875,6.0,ytm,5.916623541568509,5.947955390334572,
1844-10-19,S-2080,104.0,6.0,ytm,5.624364299033735,5.769230769230769,
1844-10-26,S-2080,102.5,6.0,ytm,5.763283572120362,5.853658536585367,
1844-11-02,S-2080,102.75,6.0,ytm,5.739707141645281,5.839416058394161,
1844-11-09,S-2080,101.0,6.0,ytm,5.904440912414963,5.9405940594059405,
1844-11-16,S-2080,100.0,6.0,ytm,6.0,6.0,
1844-11-23,S-2080,100.0,6.0,ytm,6.0,6.0,
1844-11-30,S-2080,99.75,6.0,ytm,6.024102269397546,6.015037593984962,
1844-12-07,S-2080,101.0,6.0,ytm,5.904106579586169,5.9405940594059405,
1844-12-14,S-2080,100.5,6.0,ytm,5.951891559311329,5.970149253731343,
1844-12-21,S-2080,98.0,6.0,ytm,6.195034697494162,6.122448979591836,
1844-12-28,S-2080,97.5,6.0,ytm,6.2446256794388075,6.153846153846154,
1845-01-01,S-2080,96.5,6.0,ytm,6.344392141780167,6.217616580310881,
1845-01-04,S-2080,96.75,6.0,ytm,6.3195070581887185,6.2015503875969,
1845-01-11,S-2080,97.5,6.0,ytm,6.245057550026391,6.153846153846154,
1845-01-18,S-2080,97.25,6.0,ytm,6.270143701309597,6.169665809768637,
1845-02-01,S-2080,97.25,6.0,ytm,6.270623031061155,6.169665809768637,
1845-02-08,S-2080,97.75,6.0,ytm,6.221055346917528,6.138107416879795,
1845-02-15,S-2080,98.75,6.0,ytm,6.1222994349693876,6.075949367088607,
1845-02-22,S-2080,99.0,6.0,ytm,6.097803799684008,6.0606060606060606,
1845-03-01,S-2080,98.25,6.0,ytm,6.171957665185803,6.106870229007633,
1845-03-08,S-2080,98.0,6.0,ytm,6.196947300051512,6.122448979591836,
1845-03-22,S-2080,98.375,6.0,ytm,6.160003950213304,6.099110546378653,
1845-03-29,S-2080,97.75,6.0,ytm,6.222444065013539,6.138107416879795,
1845-04-05,S-2080,98.0,6.0,ytm,6.197656355531541,6.122448979591836,
1845-04-12,S-2080,97.75,6.0,ytm,6.222845490473424,6.138107416879795,
1845-04-19,S-2080,96.0,6.0,ytm,6.400068407251169,6.25,
1845-04-26,S-2080,98.625,6.0,ytm,6.135828938627688,6.083650190114068,
1845-05-03,S-2080,96.75,6.0,ytm,6.324403844018701,6.2015503875969,
1845-05-10,S-2080,97.0,6.0,ytm,6.299341496536664,6.185567010309279,
1845-05-17,S-2080,99.0,6.0,ytm,6.098867606471143,6.0606060606060606,
1845-05-24,S-2080,98.5,6.0,ytm,6.1488105495999745,6.091370558375635,
1845-05-31,S-2080,98.25,6.0,ytm,6.173990036694955,6.106870229007633,
1845-06-07,S-2080,99.0,6.0,ytm,6.099138806228096,6.0606060606060606,
1845-06-14,S-2080,99.375,6.0,ytm,6.0619019022325835,6.037735849056604,
1845-06-21,S-2080,95.75,6.0,ytm,6.429121661768199,6.266318537859007,
1845-06-28,S-2080,96.0,6.0,ytm,6.403735078937236,6.25,
1845-07-05,S-2080,96.25,6.0,ytm,6.378367775730716,6.233766233766234,
1845-07-12,S-2080,96.25,6.0,ytm,6.378717005140366,6.233766233766234,
1845-07-19,S-2080,96.625,6.0,ytm,6.34050978899349,6.2095730918499354,
1845-07-26,S-2080,95.75,6.0,ytm,6.431105704102931,6.266318537859007,
1845-08-02,S-2080,96.0,6.0,ytm,6.405604977033548,6.25,
1845-08-09,S-2080,97.0,6.0,ytm,6.30294084141545,6.185567010309279,
1845-08-16,S-2080,95.5,6.0,ytm,6.458324099513867,6.282722513089005,
1845-08-23,S-2080,94.75,6.0,ytm,6.537271277205124,6.33245382585752,
1845-08-30,S-2080,95.0,6.0,ytm,6.5115083503473805,6.315789473684211,
1845-09-06,S-2080,95.5,6.0,ytm,6.459609864396336,6.282722513089005,
1845-09-13,S-2080,97.75,6.0,ytm,6.227403202745418,6.138107416879795,
1845-09-20,S-2080,97.5,6.0,ytm,6.2532276539566665,6.153846153846154,
1845-09-27,S-2080,97.625,6.0,ytm,6.240640287227295,6.1459667093469905,
1845-10-04,S-2080,97.5,6.0,ytm,6.253704758150468,6.153846153846154,
1845-10-11,S-2080,97.75,6.0,ytm,6.228260909242453,6.138107416879795,
1845-10-18,S-2080,97.625,6.0,ytm,6.24132247969698,6.1459667093469905,
1845-10-25,S-2080,97.75,6.0,ytm,6.2286932390083285,6.138107416879795,
1845-11-01,S-2080,97.5,6.0,ytm,6.254666712334799,6.153846153846154,
1845-11-08,S-2080,97.0,6.0,ytm,6.306666967940827,6.185567010309279,
1845-11-15,S-2080,97.5,6.0,ytm,6.255151604356785,6.153846153846154,
1845-11-22,S-2080,97.5,6.0,ytm,6.255395038407024,6.153846153846154,
1845-11-29,S-2080,98.0,6.0,ytm,6.203994865090863,6.122448979591836,
1845-12-06,S-2080,97.75,6.0,ytm,6.230004361678338,6.138107416879795,
1845-12-13,S-2080,96.0,6.0,ytm,6.412943197544021,6.25,
1845-12-20,S-2080,92.75,6.0,ytm,6.761810762076492,6.46900269541779,
1845-12-27,S-2080,91.0,6.0,ytm,6.9552794878562265,6.593406593406594,
1845-12-31,S-2080,92.0,6.0,ytm,6.845179898318341,6.521739130434782,
1846-01-03,S-2080,92.5,6.0,ytm,6.790624753841346,6.486486486486487,
1846-01-10,S-2080,92.0,6.0,ytm,6.846346003134797,6.521739130434782,
1846-01-17,S-2080,91.75,6.0,ytm,6.874777939013132,6.539509536784741,
1846-01-24,S-2080,91.0,6.0,ytm,6.9589792118824505,6.593406593406594,
1846-01-31,S-2080,92.75,6.0,ytm,6.76624071540827,6.46900269541779,
1846-02-07,S-2080,93.25,6.0,ytm,6.712242988081804,6.434316353887399,
1846-02-14,S-2080,93.0,6.0,ytm,6.740299923235515,6.451612903225806,
1846-02-21,S-2080,94.0,6.0,ytm,6.631888296464053,6.382978723404255,
1846-02-28,S-2080,94.25,6.0,ytm,6.605371798250137,6.36604774535809,
1846-03-07,S-2080,95.5,6.0,ytm,6.471201275935165,6.282722513089005,
1846-03-14,S-2080,95.25,6.0,ytm,6.498504833984883,6.299212598425196,
1846-03-21,S-2080,95.5,6.0,ytm,6.472127639468495,6.282722513089005,
1846-03-28,S-2080,94.75,6.0,ytm,6.553481546248461,6.33245382585752,
1846-04-04,S-2080,95.125,6.0,ytm,6.513465676052994,6.307490144546649,
1846-04-11,S-2080,90.75,6.0,ytm,6.997599164845059,6.6115702479338845,
1846-04-18,S-2080,90.0,6.0,ytm,7.0838152112202195,6.666666666666667,
1846-04-25,S-2080,93.25,6.0,ytm,6.719985653016761,6.434316353887399,
1846-05-02,S-2080,94.0,6.0,ytm,6.638146808088818,6.382978723404255,
1846-05-09,S-2080,95.0,6.0,ytm,6.529588766298897,6.315789473684211,
1846-05-16,S-2080,92.75,6.0,ytm,6.777642639286011,6.46900269541779,
1846-05-23,S-2080,92.5,6.0,ytm,6.806307753803227,6.486486486486487,
1846-05-30,S-2080,92.5,6.0,ytm,6.807115125003923,6.486486486486487,
1846-06-06,S-2080,93.5,6.0,ytm,6.696582860663723,6.417112299465241,
1846-06-13,S-2080,95.5,6.0,ytm,6.477795861427575,6.282722513089005,
1846-06-20,S-2080,93.0,6.0,ytm,6.753623431471103,6.451612903225806,
1846-06-27,S-2080,93.0,6.0,ytm,6.754383570846734,6.451612903225806,
1846-07-04,S-2080,92.75,6.0,ytm,6.7831297814175295,6.46900269541779,
1846-07-11,S-2080,92.0,6.0,ytm,6.868396993092239,6.521739130434782,
1846-07-18,S-2080,92.25,6.0,ytm,6.841017717319266,6.504065040650407,
1846-07-25,S-2080,93.75,6.0,ytm,6.673673002602729,6.4,
1846-08-01,S-2080,93.0,6.0,ytm,6.758216838479616,6.451612903225806,
1846-08-08,S-2080,93.25,6.0,ytm,6.730936474210574,6.434316353887399,
1846-08-15,S-2080,93.5,6.0,ytm,6.703673565209392,6.417112299465241,
1846-08-22,S-2080,93.75,6.0,ytm,6.676427815970386,6.4,
1846-08-29,S-2080,93.25,6.0,ytm,6.733183269004248,6.434316353887399,
1846-09-05,S-2080,93.25,6.0,ytm,6.733936510114005,6.434316353887399,
1846-09-12,S-2080,93.875,6.0,ytm,6.6645157463686795,6.391478029294275,
1846-09-19,S-2080,93.75,6.0,ytm,6.679214424381033,6.4,
1846-09-26,S-2080,93.75,6.0,ytm,6.679916109058224,6.4,
1846-10-03,S-2080,93.75,6.0,ytm,6.680619824240888,6.4,
1846-10-10,S-2080,93.5,6.0,ytm,6.709494078135555,6.417112299465241,
1846-10-17,S-2080,93.875,6.0,ytm,6.667961770772187,6.391478029294275,
1846-10-24,S-2080,94.0,6.0,ytm,6.65458888087508,6.382978723404255,
1846-11-07,S-2080,93.25,6.0,ytm,6.740814481246763,6.434316353887399,
1846-11-14,S-2080,92.25,6.0,ytm,6.855883912796858,6.504065040650407,
1846-11-21,S-2080,92.5,6.0,ytm,6.828066483526913,6.486486486486487,
1846-11-28,S-2080,92.75,6.0,ytm,6.800265912867156,6.46900269541779,
1846-12-05,S-2080,93.125,6.0,ytm,6.758196512987342,6.442953020134229,
1846-12-12,S-2080,94.5,6.0,ytm,6.6029043235969,6.349206349206349,
1846-12-18,S-2080,90.0,6.0,ytm,7.123168062954529,6.666666666666667,
1846-12-30,S-2080,91.5,6.0,ytm,6.948935000687095,6.557377049180328,
1847-01-02,S-2080,91.5,6.0,ytm,6.949366399336451,6.557377049180328,
1847-01-09,S-2080,92.0,6.0,ytm,6.89214135021097,6.521739130434782,
1847-01-16,S-2080,92.0,6.0,ytm,6.893091062750899,6.521739130434782,
1847-01-23,S-2080,92.0,6.0,ytm,6.8940435886584845,6.521739130434782,
1847-01-30,S-2080,94.75,6.0,ytm,6.57904937867594,6.33245382585752,
1847-02-13,S-2080,95.0,6.0,ytm,6.55194964440448,6.315789473684211,
1847-02-27,S-2080,95.0,6.0,ytm,6.5531377597035245,6.315789473684211,
1847-03-06,S-2080,94.75,6.0,ytm,6.582167573439858,6.33245382585752,
1847-03-13,S-2080,95.0,6.0,ytm,6.554332987944276,6.315789473684211,
1847-03-20,S-2080,95.0,6.0,ytm,6.554933289408664,6.315789473684211,
1847-03-27,S-2080,95.125,6.0,ytm,6.541300021170657,6.307490144546649,
1847-04-03,S-2080,95.25,6.0,ytm,6.527655860184536,6.299212598425196,
1847-04-10,S-2080,96.25,6.0,ytm,6.414899170152337,6.233766233766234,
1847-04-21,S-2080,98.0,6.0,ytm,6.219700236517831,6.122448979591836,
1847-04-24,S-2080,98.75,6.0,ytm,6.136858602511652,6.075949367088607,
1847-05-01,S-2080,97.5,6.0,ytm,6.275751342953733,6.153846153846154,
1847-05-08,S-2080,98.75,6.0,ytm,6.137158909490309,6.075949367088607,
1847-05-15,S-2080,99.75,6.0,ytm,6.027324467678226,6.015037593984962,
1847-05-22,S-2080,100.75,6.0,ytm,5.918345059943164,5.955334987593052,
1847-05-29,S-2080,101.25,6.0,ytm,5.86409667836889,5.9259259259259265,
1847-06-05,S-2080,101.0,6.0,ytm,5.891021704020719,5.9405940594059405,
1847-06-12,S-2080,101.5,6.0,ytm,5.836757463377049,5.911330049261084,
1847-06-19,S-2080,99.75,6.0,ytm,6.0274759260388,6.015037593984962,
1847-07-03,S-2080,100.25,6.0,ytm,5.972531597277773,5.985037406483791,
1847-07-10,S-2080,100.75,6.0,ytm,5.9177082211998995,5.955334987593052,
1847-07-17,S-2080,100.25,6.0,ytm,5.972470140735419,5.985037406483791,
1847-07-24,S-2080,100.5,6.0,ytm,5.944947270907239,5.970149253731343,
1847-07-31,S-2080,101.0,6.0,ytm,5.890045036005777,5.9405940594059405,
1847-08-07,S-2080,101.0,6.0,ytm,5.889921254653883,5.9405940594059405,
1847-08-14,S-2080,100.25,6.0,ytm,5.972346086295514,5.985037406483791,
1847-09-04,S-2080,100.25,6.0,ytm,5.972252032804397,5.985037406483791,
1847-09-11,S-2080,100.25,6.0,ytm,5.972220486349793,5.985037406483791,
1847-09-18,S-2080,100.375,6.0,ytm,5.958309286398164,5.9775840597758405,
1847-10-02,S-2080,100.25,6.0,ytm,5.972125254696716,5.985037406483791,
1847-10-09,S-2080,98.75,6.0,ytm,6.140586523393777,6.075949367088607,
1847-10-16,S-2080,100.0,6.0,ytm,6.0,6.0,
1847-10-23,S-2080,99.0,6.0,ytm,6.112586286473914,6.0606060606060606,
1847-10-30,S-2080,98.0,6.0,ytm,6.226570700254911,6.122448979591836,
1847-11-06,S-2080,98.5,6.0,ytm,6.169695786658556,6.091370558375635,
1847-11-13,S-2080,98.0,6.0,ytm,6.227094956788098,6.122448979591836,
1847-11-20,S-2080,98.0,6.0,ytm,6.227358329053245,6.122448979591836,
1847-12-04,S-2080,99.25,6.0,ytm,6.084921721019682,6.045340050377834,
1847-12-11,S-2080,99.5,6.0,ytm,6.056609507419776,6.030150753768844,
1847-12-25,S-2080,97.5,6.0,ytm,6.286583431850293,6.153846153846154,
1848-01-01,S-2080,95.0,6.0,ytm,6.581196581196582,6.315789473684211,
1848-01-08,S-2080,96.5,6.0,ytm,6.404206846504877,6.217616580310881,
1848-01-15,S-2080,95.0,6.0,ytm,6.582565980597567,6.315789473684211,
1848-01-22,S-2080,95.25,6.0,ytm,6.553381813954881,6.299212598425196,
1848-01-29,S-2080,96.0,6.0,ytm,6.4647719018721155,6.25,
1848-02-05,S-2080,95.5,6.0,ytm,6.52482724220443,6.282722513089005,
1848-02-12,S-2080,96.75,6.0,ytm,6.377081267908278,6.2015503875969,
1848-02-19,S-2080,98.5,6.0,ytm,6.172708558303567,6.091370558375635,
1848-03-04,S-2080,99.0,6.0,ytm,6.115124232272473,6.0606060606060606,
1848-03-11,S-2080,98.75,6.0,ytm,6.144258910096286,6.075949367088607,
1848-03-18,S-2080,98.0,6.0,ytm,6.231966670889104,6.122448979591836,
1848-03-25,S-2080,96.25,6.0,ytm,6.439343766806975,6.233766233766234,
1848-04-01,S-2080,97.0,6.0,ytm,6.350558943329816,6.185567010309279,
1848-04-15,S-2080,98.75,6.0,ytm,6.14513041714079,6.075949367088607,
1848-04-22,S-2080,98.0,6.0,ytm,6.233370937187374,6.122448979591836,
1848-04-29,S-2080,98.5,6.0,ytm,6.174799504728239,6.091370558375635,
1848-05-06,S-2080,99.0,6.0,ytm,6.116381767895148,6.0606060606060606,
1848-05-13,S-2080,100.25,6.0,ytm,5.971050892267019,5.985037406483791,
1848-05-20,S-2080,100.0,6.0,ytm,6.0,6.0,
1848-05-27,S-2080,100.25,6.0,ytm,5.970979971918953,5.985037406483791,
1848-06-03,S-2080,100.25,6.0,ytm,5.970944335659876,5.985037406483791,
1848-06-10,S-2080,101.5,6.0,ytm,5.826534294543646,5.911330049261084,
1848-06-17,S-2080,98.75,6.0,ytm,6.146735602855928,6.075949367088607,
1848-06-24,S-2080,100.0,6.0,ytm,6.0,6.0,
1848-07-01,S-2080,99.75,6.0,ytm,6.029272486823717,6.015037593984962,
1848-07-08,S-2080,99.0,6.0,ytm,6.11767708355799,6.0606060606060606,
1848-07-15,S-2080,99.5,6.0,ytm,6.058764058462372,6.030150753768844,
1848-07-22,S-2080,99.5,6.0,ytm,6.058837284599058,6.030150753768844,
1848-07-29,S-2080,99.75,6.0,ytm,6.029418512896693,6.015037593984962,
1848-08-05,S-2080,99.0,6.0,ytm,6.118265354617543,6.0606060606060606,
1848-08-12,S-2080,99.5,6.0,ytm,6.059058441969314,6.030150753768844,
1848-08-26,S-2080,99.75,6.0,ytm,6.0295665118189055,6.015037593984962,
1848-09-02,S-2080,99.5,6.0,ytm,6.059281844049466,6.030150753768844,
1848-09-09,S-2080,99.0,6.0,ytm,6.1190119077595675,6.0606060606060606,
1848-09-16,S-2080,99.75,6.0,ytm,6.02967882986614,6.015037593984962,
1848-09-23,S-2080,99.5,6.0,ytm,6.059507525188974,6.030150753768844,
1848-09-30,S-2080,99.25,6.0,ytm,6.089487036239914,6.045340050377834,
1848-10-07,S-2080,99.625,6.0,ytm,6.044716429217529,6.022584692597239,
1848-10-14,S-2080,99.75,6.0,ytm,6.029830378793805,6.015037593984962,
1848-10-21,S-2080,100.0,6.0,ytm,6.0,6.0,
1848-10-28,S-2080,100.25,6.0,ytm,5.9701677410830785,5.985037406483791,
1848-11-04,S-2080,100.25,6.0,ytm,5.970129362836332,5.985037406483791,
1848-11-11,S-2080,100.75,6.0,ytm,5.910496038087261,5.955334987593052,
1848-11-18,S-2080,100.25,6.0,ytm,5.970052209424257,5.985037406483791,
1848-11-25,S-2080,101.75,6.0,ytm,5.791654669398071,5.896805896805897,
1848-12-02,S-2080,102.0,6.0,ytm,5.761877151391937,5.88235294117647,
1848-12-09,S-2080,103.25,6.0,ytm,5.6149300354389675,5.811138014527845,
1848-12-16,S-2080,98.0,6.0,ytm,6.243566335309455,6.122448979591836,
1848-12-30,S-2080,101.0,6.0,ytm,5.8797205809717275,5.9405940594059405,
1839-01-19,S-2100,106.5,6.0,ytm,5.2362893462469735,5.633802816901409,
1839-08-03,S-2100,99.0,6.0,ytm,6.126650603173597,6.0606060606060606,
1839-11-16,S-2100,96.0,6.0,ytm,6.5254812387242,6.25,
1839-11-23,S-2100,91.0,6.0,ytm,7.215048243549092,6.593406593406594,
1839-11-30,S-2100,90.0,6.0,ytm,7.35913732771549,6.666666666666667,
1839-12-07,S-2100,80.0,6.0,ytm,8.873481964835962,7.5,
1840-01-01,S-2100,80.0,6.0,ytm,8.888584724883657,7.5,
1840-01-04,S-2100,85.0,6.0,ytm,8.109218807848945,7.0588235294117645,
1840-01-11,S-2100,89.0,6.0,ytm,7.5162629787938595,6.741573033707865,
1840-01-18,S-2100,89.5,6.0,ytm,7.445662112385381,6.70391061452514,
1840-01-25,S-2100,90.0,6.0,ytm,7.375237487491117,6.666666666666667,
1840-02-01,S-2100,93.0,6.0,ytm,6.949113506121199,6.451612903225806,
1840-02-08,S-2100,99.0,6.0,ytm,6.131695823515919,6.0606060606060606,
1840-02-15,S-2100,90.0,6.0,ytm,7.381403897771034,6.666666666666667,
1840-02-22,S-2100,95.0,6.0,ytm,6.674000811740329,6.315789473684211,
1840-03-21,S-2100,97.0,6.0,ytm,6.402715799971872,6.185567010309279,
1840-03-28,S-2100,93.0,6.0,ytm,6.960600838663369,6.451612903225806,
1840-04-04,S-2100,90.0,6.0,ytm,7.396075183744695,6.666666666666667,
1840-04-11,S-2100,96.5,6.0,ytm,6.473183584347707,6.217616580310881,
1840-04-25,S-2100,97.0,6.0,ytm,6.405795812254479,6.185567010309279,
1840-05-02,S-2100,98.5,6.0,ytm,6.201673982224372,6.091370558375635,
1840-05-16,S-2100,95.0,6.0,ytm,6.68642418144835,6.315789473684211,
1840-05-23,S-2100,96.0,6.0,ytm,6.547182975754405,6.25,
1840-06-13,S-2100,99.5,6.0,ytm,6.067511857890643,6.030150753768844,
1840-06-20,S-2100,98.0,6.0,ytm,6.272518406349538,6.122448979591836,
1840-06-27,S-2100,98.0,6.0,ytm,6.272945280139525,6.122448979591836,
1840-07-01,S-2100,98.0,6.0,ytm,6.2731899810551495,6.122448979591836,
1840-07-04,S-2100,99.0,6.0,ytm,6.136000069551912,6.0606060606060606,
1840-07-11,S-2100,97.0,6.0,ytm,6.4127911155046,6.185567010309279,
1840-07-18,S-2100,80.0,6.0,ytm,9.016599112140511,7.5,
1840-08-22,S-2100,96.5,6.0,ytm,6.487433270296881,6.217616580310881,
1840-09-26,S-2100,96.75,6.0,ytm,6.4556917822415665,6.2015503875969,
1840-10-03,S-2100,96.0,6.0,ytm,6.563910728638509,6.25,
1840-12-30,S-2100,88.0,6.0,ytm,7.800663721107755,6.8181818181818175,
1841-01-09,S-2100,96.5,6.0,ytm,6.503681768552598,6.217616580310881,
1841-01-30,S-2100,96.75,6.0,ytm,6.469482216777703,6.2015503875969,
1841-02-20,S-2100,90.0,6.0,ytm,7.50353641285791,6.666666666666667,
1841-03-31,S-2100,90.0,6.0,ytm,7.518021131628321,6.666666666666667,
1841-04-03,S-2100,92.5,6.0,ytm,7.1245655752698,6.486486486486487,
1841-04-10,S-2100,94.0,6.0,ytm,6.89424905250359,6.382978723404255,
1841-04-24,S-2100,91.0,6.0,ytm,7.367204742723107,6.593406593406594,
1841-05-22,S-2100,96.0,6.0,ytm,6.596325752169909,6.25,
1841-06-19,S-2100,93.5,6.0,ytm,6.988553584836235,6.417112299465241,
1841-06-26,S-2100,93.0,6.0,ytm,7.069266167352017,6.451612903225806,
1841-09-18,S-2100,93.0,6.0,ytm,7.092899654405686,6.451612903225806,
1841-09-25,S-2100,93.0,6.0,ytm,7.094928456233057,6.451612903225806,
1841-10-02,S-2100,94.0,6.0,ytm,6.935410472146472,6.382978723404255,
1841-10-16,S-2100,90.0,6.0,ytm,7.59779575648023,6.666666666666667,
1841-11-20,S-2100,88.25,6.0,ytm,7.912815673876692,6.79886685552408,panic_window_spike
1842-01-22,S-2100,68.0,6.0,ytm,11.93923277687497,8.823529411764707,panic_window_spike
1842-02-19,S-2100,69.0,6.0,ytm,11.76460290358922,8.695652173913043,panic_window_spike
1842-03-12,S-2100,52.0,6.0,ytm,15.98324352255112,11.538461538461538,panic_window_spike
1842-03-19,S-2100,53.0,6.0,ytm,15.73072814363004,11.320754716981131,panic_window_spike
1842-03-26,S-2100,52.0,6.0,ytm,16.023144542116388,11.538461538461538,panic_window_spike
1842-04-09,S-2100,58.0,6.0,ytm,14.471124538315344,10.344827586206897,panic_window_spike
1842-04-23,S-2100,69.0,6.0,ytm,11.869169702457413,8.695652173913043,panic_window_spike
1842-04-30,S-2100,69.0,6.0,ytm,11.881078388117547,8.695652173913043,panic_window_spike
1842-05-07,S-2100,71.0,6.0,ytm,11.448372361518963,8.450704225352112,panic_window_spike
1842-05-14,S-2100,73.5,6.0,ytm,10.91696175692278,8.16326530612245,panic_window_spike
1842-05-21,S-2100,74.5,6.0,ytm,10.713932587509964,8.053691275167784,panic_window_spike
1842-05-28,S-2100,76.0,6.0,ytm,10.407862407862408,7.894736842105263,panic_window_spike
1842-06-04,S-2100,78.0,6.0,ytm,10.003369162823928,7.6923076923076925,panic_window_spike
1842-06-11,S-2100,80.0,6.0,ytm,9.60642279367379,7.5,panic_window_spike
1842-07-16,S-2100,70.0,6.0,ytm,11.787795088688448,8.571428571428571,
1842-07-23,S-2100,73.5,6.0,ytm,11.019954573059897,8.16326530612245,
1842-07-30,S-2100,75.0,6.0,ytm,10.7051201011378,8.0,
1842-08-20,S-2100,70.0,6.0,ytm,11.849301593547118,8.571428571428571,
1842-08-27,S-2100,71.0,6.0,ytm,11.633265354145424,8.450704225352112,
1842-09-03,S-2100,71.0,6.0,ytm,11.64533485375748,8.450704225352112,
1842-09-10,S-2100,73.25,6.0,ytm,11.150753117045252,8.19112627986348,
1842-09-17,S-2100,73.0,6.0,ytm,11.217627995719548,8.21917808219178,
1842-09-24,S-2100,72.0,6.0,ytm,11.454101288876435,8.333333333333332,
1842-10-01,S-2100,72.5,6.0,ytm,11.352766425394323,8.275862068965518,
1842-10-15,S-2100,71.0,6.0,ytm,11.719098505276474,8.450704225352112,
1842-10-22,S-2100,70.5,6.0,ytm,11.84754080799154,8.51063829787234,
1842-10-29,S-2100,70.0,6.0,ytm,11.977242633031846,8.571428571428571,
1842-11-05,S-2100,67.0,6.0,ytm,12.70782841356308,8.955223880597014,
1842-11-12,S-2100,72.0,6.0,ytm,11.538255680145584,8.333333333333332,
1842-11-19,S-2100,71.25,6.0,ytm,11.724171813587873,8.421052631578947,
1842-11-26,S-2100,71.0,6.0,ytm,11.79525172360133,8.450704225352112,
1842-12-17,S-2100,70.0,6.0,ytm,12.070945018754005,8.571428571428571,
1842-12-24,S-2100,71.5,6.0,ytm,11.72983479105928,8.391608391608392,
1842-12-31,S-2100,70.0,6.0,ytm,12.09837648898496,8.571428571428571,
1843-01-07,S-2100,72.0,6.0,ytm,11.638390781544858,8.333333333333332,
1843-01-14,S-2100,70.0,6.0,ytm,12.12610987791343,8.571428571428571,
1843-01-21,S-2100,93.0,6.0,ytm,7.261953145263571,6.451612903225806,
1843-01-28,S-2100,67.0,6.0,ytm,12.891174173392344,8.955223880597014,
1843-02-11,S-2100,68.25,6.0,ytm,12.611205077991196,8.791208791208792,policy_signal_window
1843-02-18,S-2100,68.0,6.0,ytm,12.688606730057506,8.823529411764707,policy_signal_window
1843-03-04,S-2100,69.0,6.0,ytm,12.471214618586284,8.695652173913043,policy_signal_window
1843-03-11,S-2100,70.5,6.0,ytm,12.118167202572346,8.51063829787234,policy_signal_window
1843-03-25,S-2100,70.0,6.0,ytm,12.269484996909032,8.571428571428571,policy_signal_window
1843-04-01,S-2100,68.0,6.0,ytm,12.783021599397763,8.823529411764707,policy_signal_window
1843-04-08,S-2100,68.0,6.0,ytm,12.799070847851334,8.823529411764707,policy_signal_window
1843-04-22,S-2100,69.25,6.0,ytm,12.516108655979496,8.664259927797833,policy_signal_window
1843-04-29,S-2100,77.0,6.0,ytm,10.67157281742309,7.792207792207792,policy_signal_window
1843-05-13,S-2100,85.0,6.0,ytm,8.928949568124827,7.0588235294117645,
1843-05-20,S-2100,85.5,6.0,ytm,8.83050303318106,7.017543859649122,
1843-06-03,S-2100,89.0,6.0,ytm,8.117753479650318,6.741573033707865,
1843-06-10,S-2100,92.0,6.0,ytm,7.519816437213184,6.521739130434782,
1843-06-17,S-2100,90.0,6.0,ytm,7.924465976657123,6.666666666666667,
1843-06-24,S-2100,87.0,6.0,ytm,8.548183321701625,6.896551724137931,
1843-07-01,S-2100,90.0,6.0,ytm,7.9339447102605005,6.666666666666667,
1843-07-15,S-2100,90.0,6.0,ytm,7.943535808191095,6.666666666666667,
1843-08-05,S-2100,89.0,6.0,ytm,8.165347870602035,6.741573033707865,
1843-08-19,S-2100,89.0,6.0,ytm,8.176274377391696,6.741573033707865,
1843-08-26,S-2100,89.25,6.0,ytm,8.129384366601377,6.722689075630252,
1843-09-09,S-2100,91.0,6.0,ytm,7.7754140121604,6.593406593406594,
1843-09-16,S-2100,93.25,6.0,ytm,7.319426242468883,6.434316353887399,
1843-09-23,S-2100,96.0,6.0,ytm,6.772892403034512,6.25,
1843-09-30,S-2100,95.0,6.0,ytm,6.97357347247938,6.315789473684211,
1843-10-14,S-2100,95.25,6.0,ytm,6.9285051004960945,6.299212598425196,
1843-10-21,S-2100,96.0,6.0,ytm,6.780936756327972,6.25,
1840-09-30,S-2110,96.75,6.0,ytm,6.3157091646087915,6.2015503875969,
1840-10-31,S-2110,100.0,6.0,ytm,6.0,6.0,
1840-11-07,S-2110,97.0,6.0,ytm,6.292425419793192,6.185567010309279,
1840-12-05,S-2110,98.5,6.0,ytm,6.145615275327902,6.091370558375635,
1840-12-19,S-2110,95.5,6.0,ytm,6.444328105372149,6.282722513089005,
1841-01-16,S-2110,96.5,6.0,ytm,6.345044316169987,6.217616580310881,
1841-02-06,S-2110,96.5,6.0,ytm,6.345963400299059,6.217616580310881,
1841-06-19,S-2110,94.0,6.0,ytm,6.611123301609988,6.382978723404255,
1841-07-03,S-2110,94.75,6.0,ytm,6.533654318204134,6.33245382585752,
1841-07-10,S-2110,94.25,6.0,ytm,6.586523577824637,6.36604774535809,
1841-10-16,S-2110,90.25,6.0,ytm,7.028818181127662,6.64819944598338,
1841-11-27,S-2110,86.0,6.0,ytm,7.519675664836954,6.976744186046512,panic_window_spike
1841-12-11,S-2110,81.0,6.0,ytm,8.123451715031626,7.4074074074074066,panic_window_spike
1842-01-22,S-2110,69.0,6.0,ytm,9.732112560833327,8.695652173913043,panic_window_spike
1842-01-29,S-2110,70.0,6.0,ytm,9.593961478396668,8.571428571428571,panic_window_spike
1842-02-05,S-2110,67.0,6.0,ytm,10.028289226981247,8.955223880597014,panic_window_spike
1842-03-12,S-2110,50.0,6.0,ytm,12.828475114019431,12.0,panic_window_spike
1842-03-19,S-2110,59.0,6.0,ytm,11.287597224511815,10.16949152542373,panic_window_spike
1842-04-09,S-2110,57.0,6.0,ytm,11.632808580627543,10.526315789473683,panic_window_spike
1842-04-16,S-2110,62.5,6.0,ytm,10.750768001966083,9.6,panic_window_spike
1842-04-23,S-2110,69.0,6.0,ytm,9.779996663389214,8.695652173913043,panic_window_spike
1842-05-07,S-2110,70.0,6.0,ytm,9.643779709597895,8.571428571428571,panic_window_spike
1842-05-14,S-2110,73.0,6.0,ytm,9.225746918309074,8.21917808219178,panic_window_spike
1842-05-21,S-2110,74.0,6.0,ytm,9.09150793595762,8.108108108108109,panic_window_spike
1842-06-04,S-2110,78.0,6.0,ytm,8.56223278071195,7.6923076923076925,panic_window_spike
1842-06-11,S-2110,80.0,6.0,ytm,8.305735056542812,7.5,panic_window_spike
1842-07-09,S-2110,72.5,6.0,ytm,9.32160138452301,8.275862068965518,
1842-07-23,S-2110,73.5,6.0,ytm,9.1888283042899,8.16326530612245,
1842-07-30,S-2110,74.0,6.0,ytm,9.122845267148191,8.108108108108109,
1842-09-03,S-2110,72.0,6.0,ytm,9.419607880606142,8.333333333333332,
1842-09-10,S-2110,73.25,6.0,ytm,9.246712281067351,8.19112627986348,
1842-09-17,S-2110,72.625,6.0,ytm,9.338036338118686,8.261617900172118,
1842-10-08,S-2110,70.0,6.0,ytm,9.72614744221711,8.571428571428571,
1842-10-15,S-2110,71.0,6.0,ytm,9.5845965930159,8.450704225352112,
1842-10-22,S-2110,71.0,6.0,ytm,9.58832545152048,8.450704225352112,
1842-11-05,S-2110,68.0,6.0,ytm,10.03865021554928,8.823529411764707,
1842-11-19,S-2110,70.5,6.0,ytm,9.676225767889571,8.51063829787234,
1842-11-26,S-2110,70.0,6.0,ytm,9.7534674404879,8.571428571428571,
1842-12-17,S-2110,68.0,6.0,ytm,10.064185237395398,8.823529411764707,
1842-12-24,S-2110,69.0,6.0,ytm,9.918023200840048,8.695652173913043,
1843-01-07,S-2110,67.0,6.0,ytm,10.229709286614456,8.955223880597014,
1843-01-14,S-2110,66.75,6.0,ytm,10.272683088234128,8.98876404494382,
1843-01-21,S-2110,62.0,6.0,ytm,11.031600551482107,9.67741935483871,
1843-01-28,S-2110,65.0,6.0,ytm,10.554967167972888,9.230769230769232,
1843-02-04,S-2110,67.0,6.0,ytm,10.247790375972706,8.955223880597014,policy_signal_window
1843-02-11,S-2110,66.0,6.0,ytm,10.407595967042166,9.090909090909092,policy_signal_window
1843-02-18,S-2110,66.0,6.0,ytm,10.412330171750831,9.090909090909092,policy_signal_window
1843-03-11,S-2110,70.75,6.0,ytm,9.702255209016204,8.480565371024735,policy_signal_window
1843-03-25,S-2110,69.5,6.0,ytm,9.897371690900986,8.633093525179856,policy_signal_window
1843-04-15,S-2110,67.0,6.0,ytm,10.293946989741446,8.955223880597014,policy_signal_window
1843-04-22,S-2110,69.0,6.0,ytm,9.990327351519102,8.695652173913043,policy_signal_window
1843-04-29,S-2110,77.0,6.0,ytm,8.82984954423985,7.792207792207792,policy_signal_window
1843-05-13,S-2110,87.0,6.0,ytm,7.517273097989786,6.896551724137931,
1843-05-20,S-2110,86.0,6.0,ytm,7.644580379201981,6.976744186046512,
1843-06-03,S-2110,88.0,6.0,ytm,7.397726483457968,6.8181818181818175,
1843-06-10,S-2110,92.0,6.0,ytm,6.913415431560593,6.521739130434782,
1843-06-17,S-2110,88.5,6.0,ytm,7.33889893499676,6.779661016949152,
1843-06-24,S-2110,87.75,6.0,ytm,7.433507982651902,6.837606837606838,
1843-07-01,S-2110,90.0,6.0,ytm,7.157641201756307,6.666666666666667,
1843-07-08,S-2110,89.0,6.0,ytm,7.281571985519355,6.741573033707865,
1843-08-05,S-2110,89.5,6.0,ytm,7.225575037202468,6.70391061452514,
1843-08-12,S-2110,88.5,6.0,ytm,7.350938640327096,6.779661016949152,
1843-08-19,S-2110,89.0,6.0,ytm,7.2902393951530735,6.741573033707865,
1843-08-26,S-2110,90.0,6.0,ytm,7.168092032341995,6.666666666666667,
1843-09-02,S-2110,91.0,6.0,ytm,7.04696465271126,6.593406593406594,
1843-09-16,S-2110,93.0,6.0,ytm,6.8077016282585365,6.451612903225806,
1843-09-23,S-2110,93.25,6.0,ytm,6.7787349016364535,6.434316353887399,
1843-09-30,S-2110,95.0,6.0,ytm,6.572317316285145,6.315789473684211,
