date,state,code,price,coupon,yield_measure_used,yield,current_yield,bucket,series_label,excluded_near_maturity,excluded_past_maturity,active_default_override,segment
1842-12-17,Pennsylvania,S-2410,45.5,6.0,current_yield,13.186813186813188,13.186813186813188,defaulted,secondary_pa_bridge,False,False,True,"S-2330/S-2410 (fixed-maturity, primary series)"
1842-12-31,Pennsylvania,S-2410,46.0,6.0,current_yield,13.043478260869565,13.043478260869565,defaulted,secondary_pa_bridge,False,False,True,"S-2330/S-2410 (fixed-maturity, primary series)"
1842-12-31,Pennsylvania,S-2330,44.5,5.0,current_yield,11.235955056179774,11.235955056179774,defaulted,secondary_pa_bridge,False,False,True,"S-2330/S-2410 (fixed-maturity, primary series)"
1843-01-07,Pennsylvania,S-2330,44.5,5.0,current_yield,11.235955056179774,11.235955056179774,defaulted,secondary_pa_bridge,False,False,True,"S-2330/S-2410 (fixed-maturity, primary series)"
1843-01-07,Pennsylvania,S-2410,46.0,6.0,current_yield,13.043478260869565,13.043478260869565,defaulted,secondary_pa_bridge,False,False,True,"S-2330/S-2410 (fixed-maturity, primary series)"
1843-01-14,Pennsylvania,S-2410,41.0,6.0,current_yield,14.634146341463412,14.634146341463412,defaulted,secondary_pa_bridge,False,False,True,"S-2330/S-2410 (fixed-maturity, primary series)"
1843-01-14,Pennsylvania,S-2330,42.0,5.0,current_yield,11.904761904761903,11.904761904761903,defaulted,secondary_pa_bridge,False,False,True,"S-2330/S-2410 (fixed-maturity, primary series)"
1843-01-21,Pennsylvania,S-2330,40.0,5.0,current_yield,12.5,12.5,defaulted,secondary_pa_bridge,False,False,True,"S-2330/S-2410 (fixed-maturity, primary series)"
1843-01-21,Pennsylvania,S-2410,44.0,6.0,current_yield,13.636363636363637,13.636363636363637,defaulted,secondary_pa_bridge,False,False,True,"S-2330/S-2410 (fixed-maturity, primary series)"
1843-01-28,Pennsylvania,S-2330,42.0,5.0,current_yield,11.904761904761903,11.904761904761903,defaulted,secondary_pa_bridge,False,False,True,"S-2330/S-2410 (fixed-maturity, primary series)"
1843-01-28,Pennsylvania,S-2410,45.0,6.0,current_yield,13.333333333333334,13.333333333333334,defaulted,secondary_pa_bridge,False,False,True,"S-2330/S-2410 (fixed-maturity, primary series)"
1843-02-11,Pennsylvania,S-2410,48.5,6.0,current_yield,12.371134020618555,12.371134020618555,defaulted,secondary_pa_bridge,False,False,True,"S-2330/S-2410 (fixed-maturity, primary series)"
1843-02-11,Pennsylvania,S-2330,42.0,5.0,current_yield,11.904761904761903,11.904761904761903,defaulted,secondary_pa_bridge,False,False,True,"S-2330/S-2410 (fixed-maturity, primary series)"
1843-02-18,Pennsylvania,S-2410,47.0,6.0,current_yield,12.76595744680851,12.76595744680851,defaulted,secondary_pa_bridge,False,False,True,"S-2330/S-2410 (fixed-maturity, primary series)"
1843-02-18,Pennsylvania,S-2330,41.5,5.0,current_yield,12.048192771084338,12.048192771084338,defaulted,secondary_pa_bridge,False,False,True,"S-2330/S-2410 (fixed-maturity, primary series)"
1843-02-25,Pennsylvania,S-2410,45.0,6.0,current_yield,13.333333333333334,13.333333333333334,defaulted,secondary_pa_bridge,False,False,True,"S-2330/S-2410 (fixed-maturity, primary series)"
1843-02-25,Pennsylvania,S-2330,40.75,5.0,current_yield,12.269938650306749,12.269938650306749,defaulted,secondary_pa_bridge,False,False,True,"S-2330/S-2410 (fixed-maturity, primary series)"
1843-03-04,Pennsylvania,S-2410,44.0,6.0,current_yield,13.636363636363637,13.636363636363637,defaulted,secondary_pa_bridge,False,False,True,"S-2330/S-2410 (fixed-maturity, primary series)"
1843-03-04,Pennsylvania,S-2330,39.0,5.0,current_yield,12.82051282051282,12.82051282051282,defaulted,secondary_pa_bridge,False,False,True,"S-2330/S-2410 (fixed-maturity, primary series)"
1843-03-11,Pennsylvania,S-2410,43.0,6.0,current_yield,13.953488372093023,13.953488372093023,defaulted,secondary_pa_bridge,False,False,True,"S-2330/S-2410 (fixed-maturity, primary series)"
1843-03-11,Pennsylvania,S-2330,39.25,5.0,current_yield,12.738853503184714,12.738853503184714,defaulted,secondary_pa_bridge,False,False,True,"S-2330/S-2410 (fixed-maturity, primary series)"
1843-03-18,Pennsylvania,S-2410,43.0,6.0,current_yield,13.953488372093023,13.953488372093023,defaulted,secondary_pa_bridge,False,False,True,"S-2330/S-2410 (fixed-maturity, primary series)"
1843-03-18,Pennsylvania,S-2330,37.0,5.0,current_yield,13.513513513513514,13.513513513513514,defaulted,secondary_pa_bridge,False,False,True,"S-2330/S-2410 (fixed-maturity, primary series)"
1843-03-26,Pennsylvania,S-2410,43.0,6.0,current_yield,13.953488372093023,13.953488372093023,defaulted,secondary_pa_bridge,False,False,True,"S-2330/S-2410 (fixed-maturity, primary series)"
1843-03-26,Pennsylvania,S-2330,38.0,5.0,current_yield,13.157894736842104,13.157894736842104,defaulted,secondary_pa_bridge,False,False,True,"S-2330/S-2410 (fixed-maturity, primary series)"
1843-04-01,Pennsylvania,S-2410,44.0,6.0,current_yield,13.636363636363637,13.636363636363637,defaulted,secondary_pa_bridge,False,False,True,"S-2330/S-2410 (fixed-maturity, primary series)"
1843-04-01,Pennsylvania,S-2330,38.5,5.0,current_yield,12.987012987012983,12.987012987012983,defaulted,secondary_pa_bridge,False,False,True,"S-2330/S-2410 (fixed-maturity, primary series)"
1843-04-08,Pennsylvania,S-2410,44.0,6.0,current_yield,13.636363636363637,13.636363636363637,defaulted,secondary_pa_bridge,False,False,True,"S-2330/S-2410 (fixed-maturity, primary series)"
1843-04-08,Pennsylvania,S-2330,39.75,5.0,current_yield,12.57861635220126,12.57861635220126,defaulted,secondary_pa_bridge,False,False,True,"S-2330/S-2410 (fixed-maturity, primary series)"
1843-04-15,Pennsylvania,S-2330,39.75,5.0,current_yield,12.57861635220126,12.57861635220126,defaulted,secondary_pa_bridge,False,False,True,"S-2330/S-2410 (fixed-maturity, primary series)"
1843-04-15,Pennsylvania,S-2410,44.0,6.0,current_yield,13.636363636363637,13.636363636363637,defaulted,secondary_pa_bridge,False,False,True,"S-2330/S-2410 (fixed-maturity, primary series)"
1843-04-22,Pennsylvania,S-2330,48.5,5.0,current_yield,10.309278350515465,10.309278350515465,defaulted,secondary_pa_bridge,False,False,True,"S-2330/S-2410 (fixed-maturity, primary series)"
1843-04-22,Pennsylvania,S-2410,49.0,6.0,current_yield,12.244897959183673,12.244897959183673,defaulted,secondary_pa_bridge,False,False,True,"S-2330/S-2410 (fixed-maturity, primary series)"
1843-04-29,Pennsylvania,S-2410,47.0,6.0,current_yield,12.76595744680851,12.76595744680851,defaulted,secondary_pa_bridge,False,False,True,"S-2330/S-2410 (fixed-maturity, primary series)"
1843-04-29,Pennsylvania,S-2330,43.0,5.0,current_yield,11.627906976744184,11.627906976744184,defaulted,secondary_pa_bridge,False,False,True,"S-2330/S-2410 (fixed-maturity, primary series)"
1843-05-06,Pennsylvania,S-2410,50.0,6.0,current_yield,12.0,12.0,defaulted,secondary_pa_bridge,False,False,True,"S-2330/S-2410 (fixed-maturity, primary series)"
1843-05-06,Pennsylvania,S-2330,48.0,5.0,current_yield,10.416666666666668,10.416666666666668,defaulted,secondary_pa_bridge,False,False,True,"S-2330/S-2410 (fixed-maturity, primary series)"
1843-05-13,Pennsylvania,S-2410,50.0,6.0,current_yield,12.0,12.0,defaulted,secondary_pa_bridge,False,False,True,"S-2330/S-2410 (fixed-maturity, primary series)"
1843-05-13,Pennsylvania,S-2330,47.0,5.0,current_yield,10.638297872340424,10.638297872340424,defaulted,secondary_pa_bridge,False,False,True,"S-2330/S-2410 (fixed-maturity, primary series)"
1843-05-20,Pennsylvania,S-2330,45.75,5.0,current_yield,10.92896174863388,10.92896174863388,defaulted,secondary_pa_bridge,False,False,True,"S-2330/S-2410 (fixed-maturity, primary series)"
1843-05-20,Pennsylvania,S-2410,48.0,6.0,current_yield,12.5,12.5,defaulted,secondary_pa_bridge,False,False,True,"S-2330/S-2410 (fixed-maturity, primary series)"
1843-05-27,Pennsylvania,S-2330,47.5,5.0,current_yield,10.526315789473683,10.526315789473683,defaulted,secondary_pa_bridge,False,False,True,"S-2330/S-2410 (fixed-maturity, primary series)"
1843-05-27,Pennsylvania,S-2410,49.0,6.0,current_yield,12.244897959183673,12.244897959183673,defaulted,secondary_pa_bridge,False,False,True,"S-2330/S-2410 (fixed-maturity, primary series)"
1843-06-03,Pennsylvania,S-2410,52.5,6.0,current_yield,11.428571428571429,11.428571428571429,defaulted,secondary_pa_bridge,False,False,True,"S-2330/S-2410 (fixed-maturity, primary series)"
1843-06-03,Pennsylvania,S-2330,49.25,5.0,current_yield,10.152284263959393,10.152284263959393,defaulted,secondary_pa_bridge,False,False,True,"S-2330/S-2410 (fixed-maturity, primary series)"
1843-06-10,Pennsylvania,S-2410,48.0,6.0,current_yield,12.5,12.5,defaulted,secondary_pa_bridge,False,False,True,"S-2330/S-2410 (fixed-maturity, primary series)"
1843-06-10,Pennsylvania,S-2330,45.0,5.0,current_yield,11.11111111111111,11.11111111111111,defaulted,secondary_pa_bridge,False,False,True,"S-2330/S-2410 (fixed-maturity, primary series)"
1843-06-17,Pennsylvania,S-2330,46.5,5.0,current_yield,10.75268817204301,10.75268817204301,defaulted,secondary_pa_bridge,False,False,True,"S-2330/S-2410 (fixed-maturity, primary series)"
1843-06-17,Pennsylvania,S-2410,50.0,6.0,current_yield,12.0,12.0,defaulted,secondary_pa_bridge,False,False,True,"S-2330/S-2410 (fixed-maturity, primary series)"
1843-06-24,Pennsylvania,S-2330,45.75,5.0,current_yield,10.92896174863388,10.92896174863388,defaulted,secondary_pa_bridge,False,False,True,"S-2330/S-2410 (fixed-maturity, primary series)"
1843-06-24,Pennsylvania,S-2410,50.0,6.0,current_yield,12.0,12.0,defaulted,secondary_pa_bridge,False,False,True,"S-2330/S-2410 (fixed-maturity, primary series)"
1843-07-01,Pennsylvania,S-2330,48.5,5.0,current_yield,10.309278350515465,10.309278350515465,defaulted,secondary_pa_bridge,False,False,True,"S-2330/S-2410 (fixed-maturity, primary series)"
1843-07-01,Pennsylvania,S-2410,50.5,6.0,current_yield,11.88118811881188,11.88118811881188,defaulted,secondary_pa_bridge,False,False,True,"S-2330/S-2410 (fixed-maturity, primary series)"
1843-07-08,Pennsylvania,S-2330,48.25,5.0,current_yield,10.362694300518134,10.362694300518134,defaulted,secondary_pa_bridge,False,False,True,"S-2330/S-2410 (fixed-maturity, primary series)"
1843-07-08,Pennsylvania,S-2410,53.0,6.0,current_yield,11.320754716981131,11.320754716981131,defaulted,secondary_pa_bridge,False,False,True,"S-2330/S-2410 (fixed-maturity, primary series)"
1843-07-15,Pennsylvania,S-2410,51.0,6.0,current_yield,11.76470588235294,11.76470588235294,defaulted,secondary_pa_bridge,False,False,True,"S-2330/S-2410 (fixed-maturity, primary series)"
1843-07-15,Pennsylvania,S-2330,48.75,5.0,current_yield,10.256410256410255,10.256410256410255,defaulted,secondary_pa_bridge,False,False,True,"S-2330/S-2410 (fixed-maturity, primary series)"
1843-07-22,Pennsylvania,S-2410,53.0,6.0,current_yield,11.320754716981131,11.320754716981131,defaulted,secondary_pa_bridge,False,False,True,"S-2330/S-2410 (fixed-maturity, primary series)"
1843-07-22,Pennsylvania,S-2330,48.75,5.0,current_yield,10.256410256410255,10.256410256410255,defaulted,secondary_pa_bridge,False,False,True,"S-2330/S-2410 (fixed-maturity, primary series)"
1843-07-29,Pennsylvania,S-2330,49.5,5.0,current_yield,10.1010101010101,10.1010101010101,defaulted,secondary_pa_bridge,False,False,True,"S-2330/S-2410 (fixed-maturity, primary series)"
1843-07-29,Pennsylvania,S-2410,54.0,6.0,current_yield,11.11111111111111,11.11111111111111,defaulted,secondary_pa_bridge,False,False,True,"S-2330/S-2410 (fixed-maturity, primary series)"
1843-08-05,Pennsylvania,S-2410,54.0,6.0,current_yield,11.11111111111111,11.11111111111111,defaulted,secondary_pa_bridge,False,False,True,"S-2330/S-2410 (fixed-maturity, primary series)"
1843-08-05,Pennsylvania,S-2330,48.5,5.0,current_yield,10.309278350515465,10.309278350515465,defaulted,secondary_pa_bridge,False,False,True,"S-2330/S-2410 (fixed-maturity, primary series)"
1843-08-12,Pennsylvania,S-2410,54.5,6.0,current_yield,11.009174311926609,11.009174311926609,defaulted,secondary_pa_bridge,False,False,True,"S-2330/S-2410 (fixed-maturity, primary series)"
1843-08-12,Pennsylvania,S-2330,50.25,5.0,current_yield,9.950248756218906,9.950248756218906,defaulted,secondary_pa_bridge,False,False,True,"S-2330/S-2410 (fixed-maturity, primary series)"
1843-08-19,Pennsylvania,S-2330,53.0,5.0,current_yield,9.433962264150944,9.433962264150944,defaulted,secondary_pa_bridge,False,False,True,"S-2330/S-2410 (fixed-maturity, primary series)"
1843-08-19,Pennsylvania,S-2410,57.0,6.0,current_yield,10.526315789473683,10.526315789473683,defaulted,secondary_pa_bridge,False,False,True,"S-2330/S-2410 (fixed-maturity, primary series)"
1843-08-26,Pennsylvania,S-2330,53.0,5.0,current_yield,9.433962264150944,9.433962264150944,defaulted,secondary_pa_bridge,False,False,True,"S-2330/S-2410 (fixed-maturity, primary series)"
1843-08-26,Pennsylvania,S-2410,56.0,6.0,current_yield,10.714285714285714,10.714285714285714,defaulted,secondary_pa_bridge,False,False,True,"S-2330/S-2410 (fixed-maturity, primary series)"
1843-09-01,Pennsylvania,S-2330,53.0,5.0,current_yield,9.433962264150944,9.433962264150944,defaulted,secondary_pa_bridge,False,False,True,"S-2330/S-2410 (fixed-maturity, primary series)"
1843-09-01,Pennsylvania,S-2410,58.0,6.0,current_yield,10.344827586206897,10.344827586206897,defaulted,secondary_pa_bridge,False,False,True,"S-2330/S-2410 (fixed-maturity, primary series)"
1843-09-09,Pennsylvania,S-2410,63.0,6.0,current_yield,9.523809523809524,9.523809523809524,defaulted,secondary_pa_bridge,False,False,True,"S-2330/S-2410 (fixed-maturity, primary series)"
1843-09-09,Pennsylvania,S-2330,57.0,5.0,current_yield,8.771929824561402,8.771929824561402,defaulted,secondary_pa_bridge,False,False,True,"S-2330/S-2410 (fixed-maturity, primary series)"
1843-09-16,Pennsylvania,S-2330,56.75,5.0,current_yield,8.81057268722467,8.81057268722467,defaulted,secondary_pa_bridge,False,False,True,"S-2330/S-2410 (fixed-maturity, primary series)"
1843-09-16,Pennsylvania,S-2410,62.0,6.0,current_yield,9.67741935483871,9.67741935483871,defaulted,secondary_pa_bridge,False,False,True,"S-2330/S-2410 (fixed-maturity, primary series)"
1843-09-23,Pennsylvania,S-2410,63.0,6.0,current_yield,9.523809523809524,9.523809523809524,defaulted,secondary_pa_bridge,False,False,True,"S-2330/S-2410 (fixed-maturity, primary series)"
1843-09-23,Pennsylvania,S-2330,58.625,5.0,current_yield,8.528784648187633,8.528784648187633,defaulted,secondary_pa_bridge,False,False,True,"S-2330/S-2410 (fixed-maturity, primary series)"
1843-09-30,Pennsylvania,S-2410,66.0,6.0,current_yield,9.090909090909092,9.090909090909092,defaulted,secondary_pa_bridge,False,False,True,"S-2330/S-2410 (fixed-maturity, primary series)"
1843-09-30,Pennsylvania,S-2330,62.0,5.0,current_yield,8.064516129032258,8.064516129032258,defaulted,secondary_pa_bridge,False,False,True,"S-2330/S-2410 (fixed-maturity, primary series)"
1843-10-07,Pennsylvania,S-2410,64.0,6.0,current_yield,9.375,9.375,defaulted,secondary_pa_bridge,False,False,True,"S-2330/S-2410 (fixed-maturity, primary series)"
1843-10-07,Pennsylvania,S-2330,61.125,5.0,current_yield,8.1799591002045,8.1799591002045,defaulted,secondary_pa_bridge,False,False,True,"S-2330/S-2410 (fixed-maturity, primary series)"
1843-10-21,Pennsylvania,S-2330,60.5,5.0,current_yield,8.264462809917356,8.264462809917356,defaulted,secondary_pa_bridge,False,False,True,"S-2330/S-2410 (fixed-maturity, primary series)"
1843-10-21,Pennsylvania,S-2410,64.0,6.0,current_yield,9.375,9.375,defaulted,secondary_pa_bridge,False,False,True,"S-2330/S-2410 (fixed-maturity, primary series)"
1843-10-28,Pennsylvania,S-2410,65.0,6.0,current_yield,9.230769230769232,9.230769230769232,defaulted,secondary_pa_bridge,False,False,True,"S-2330/S-2410 (fixed-maturity, primary series)"
1843-10-28,Pennsylvania,S-2330,60.5,5.0,current_yield,8.264462809917356,8.264462809917356,defaulted,secondary_pa_bridge,False,False,True,"S-2330/S-2410 (fixed-maturity, primary series)"
1843-11-04,Pennsylvania,S-2330,62.25,5.0,current_yield,8.032128514056225,8.032128514056225,defaulted,secondary_pa_bridge,False,False,True,"S-2330/S-2410 (fixed-maturity, primary series)"
1843-11-04,Pennsylvania,S-2410,64.0,6.0,current_yield,9.375,9.375,defaulted,secondary_pa_bridge,False,False,True,"S-2330/S-2410 (fixed-maturity, primary series)"
1843-11-18,Pennsylvania,S-2410,72.0,6.0,current_yield,8.333333333333332,8.333333333333332,defaulted,secondary_pa_bridge,False,False,True,"S-2330/S-2410 (fixed-maturity, primary series)"
1843-11-18,Pennsylvania,S-2330,67.5,5.0,current_yield,7.4074074074074066,7.4074074074074066,defaulted,secondary_pa_bridge,False,False,True,"S-2330/S-2410 (fixed-maturity, primary series)"
1843-12-09,Pennsylvania,S-2330,67.5,5.0,current_yield,7.4074074074074066,7.4074074074074066,defaulted,secondary_pa_bridge,False,False,True,"S-2330/S-2410 (fixed-maturity, primary series)"
1843-12-09,Pennsylvania,S-2410,73.0,6.0,current_yield,8.21917808219178,8.21917808219178,defaulted,secondary_pa_bridge,False,False,True,"S-2330/S-2410 (fixed-maturity, primary series)"
1843-12-16,Pennsylvania,S-2410,73.0,6.0,current_yield,8.21917808219178,8.21917808219178,defaulted,secondary_pa_bridge,False,False,True,"S-2330/S-2410 (fixed-maturity, primary series)"
1843-12-16,Pennsylvania,S-2330,67.5,5.0,current_yield,7.4074074074074066,7.4074074074074066,defaulted,secondary_pa_bridge,False,False,True,"S-2330/S-2410 (fixed-maturity, primary series)"
1843-12-23,Pennsylvania,S-2330,67.5,5.0,current_yield,7.4074074074074066,7.4074074074074066,defaulted,secondary_pa_bridge,False,False,True,"S-2330/S-2410 (fixed-maturity, primary series)"
1843-12-23,Pennsylvania,S-2410,73.0,6.0,current_yield,8.21917808219178,8.21917808219178,defaulted,secondary_pa_bridge,False,False,True,"S-2330/S-2410 (fixed-maturity, primary series)"
1843-12-30,Pennsylvania,S-2330,67.5,5.0,current_yield,7.4074074074074066,7.4074074074074066,defaulted,secondary_pa_bridge,False,False,True,"S-2330/S-2410 (fixed-maturity, primary series)"
1843-12-30,Pennsylvania,S-2410,72.0,6.0,current_yield,8.333333333333332,8.333333333333332,defaulted,secondary_pa_bridge,False,False,True,"S-2330/S-2410 (fixed-maturity, primary series)"
1844-01-06,Pennsylvania,S-2410,70.0,6.0,current_yield,8.571428571428571,8.571428571428571,defaulted,secondary_pa_bridge,False,False,True,"S-2330/S-2410 (fixed-maturity, primary series)"
1844-01-06,Pennsylvania,S-2330,65.5,5.0,current_yield,7.633587786259542,7.633587786259542,defaulted,secondary_pa_bridge,False,False,True,"S-2330/S-2410 (fixed-maturity, primary series)"
1844-01-13,Pennsylvania,S-2410,69.5,6.0,current_yield,8.633093525179856,8.633093525179856,defaulted,secondary_pa_bridge,False,False,True,"S-2330/S-2410 (fixed-maturity, primary series)"
1844-01-13,Pennsylvania,S-2330,65.75,5.0,current_yield,7.604562737642586,7.604562737642586,defaulted,secondary_pa_bridge,False,False,True,"S-2330/S-2410 (fixed-maturity, primary series)"
1844-01-20,Pennsylvania,S-2330,63.25,5.0,current_yield,7.905138339920949,7.905138339920949,defaulted,secondary_pa_bridge,False,False,True,"S-2330/S-2410 (fixed-maturity, primary series)"
1844-01-20,Pennsylvania,S-2410,69.5,6.0,current_yield,8.633093525179856,8.633093525179856,defaulted,secondary_pa_bridge,False,False,True,"S-2330/S-2410 (fixed-maturity, primary series)"
1844-01-27,Pennsylvania,S-2410,66.0,6.0,current_yield,9.090909090909092,9.090909090909092,defaulted,secondary_pa_bridge,False,False,True,"S-2330/S-2410 (fixed-maturity, primary series)"
1844-01-27,Pennsylvania,S-2330,63.875,5.0,current_yield,7.8277886497064575,7.8277886497064575,defaulted,secondary_pa_bridge,False,False,True,"S-2330/S-2410 (fixed-maturity, primary series)"
1844-02-03,Pennsylvania,S-2410,69.0,6.0,current_yield,8.695652173913043,8.695652173913043,defaulted,secondary_pa_bridge,False,False,True,"S-2330/S-2410 (fixed-maturity, primary series)"
1844-02-03,Pennsylvania,S-2330,65.0,5.0,current_yield,7.6923076923076925,7.6923076923076925,defaulted,secondary_pa_bridge,False,False,True,"S-2330/S-2410 (fixed-maturity, primary series)"
1844-02-10,Pennsylvania,S-2330,65.25,5.0,current_yield,7.662835249042145,7.662835249042145,defaulted,secondary_pa_bridge,False,False,True,"S-2330/S-2410 (fixed-maturity, primary series)"
1844-02-10,Pennsylvania,S-2410,69.0,6.0,current_yield,8.695652173913043,8.695652173913043,defaulted,secondary_pa_bridge,False,False,True,"S-2330/S-2410 (fixed-maturity, primary series)"
1844-02-17,Pennsylvania,S-2330,67.25,5.0,current_yield,7.434944237918216,7.434944237918216,defaulted,secondary_pa_bridge,False,False,True,"S-2330/S-2410 (fixed-maturity, primary series)"
1844-02-17,Pennsylvania,S-2410,71.0,6.0,current_yield,8.450704225352112,8.450704225352112,defaulted,secondary_pa_bridge,False,False,True,"S-2330/S-2410 (fixed-maturity, primary series)"
1844-02-24,Pennsylvania,S-2410,70.0,6.0,current_yield,8.571428571428571,8.571428571428571,defaulted,secondary_pa_bridge,False,False,True,"S-2330/S-2410 (fixed-maturity, primary series)"
1844-02-24,Pennsylvania,S-2330,68.75,5.0,current_yield,7.272727272727272,7.272727272727272,defaulted,secondary_pa_bridge,False,False,True,"S-2330/S-2410 (fixed-maturity, primary series)"
1844-03-02,Pennsylvania,S-2330,69.5,5.0,current_yield,7.194244604316546,7.194244604316546,defaulted,secondary_pa_bridge,False,False,True,"S-2330/S-2410 (fixed-maturity, primary series)"
1844-03-02,Pennsylvania,S-2410,71.5,6.0,current_yield,8.391608391608392,8.391608391608392,defaulted,secondary_pa_bridge,False,False,True,"S-2330/S-2410 (fixed-maturity, primary series)"
1844-03-09,Pennsylvania,S-2330,70.5,5.0,current_yield,7.092198581560284,7.092198581560284,defaulted,secondary_pa_bridge,False,False,True,"S-2330/S-2410 (fixed-maturity, primary series)"
1844-03-09,Pennsylvania,S-2410,72.0,6.0,current_yield,8.333333333333332,8.333333333333332,defaulted,secondary_pa_bridge,False,False,True,"S-2330/S-2410 (fixed-maturity, primary series)"
1844-03-23,Pennsylvania,S-2410,70.5,6.0,current_yield,8.51063829787234,8.51063829787234,defaulted,secondary_pa_bridge,False,False,True,"S-2330/S-2410 (fixed-maturity, primary series)"
1844-03-23,Pennsylvania,S-2330,68.5,5.0,current_yield,7.2992700729927,7.2992700729927,defaulted,secondary_pa_bridge,False,False,True,"S-2330/S-2410 (fixed-maturity, primary series)"
1844-03-30,Pennsylvania,S-2330,68.0,5.0,current_yield,7.352941176470589,7.352941176470589,defaulted,secondary_pa_bridge,False,False,True,"S-2330/S-2410 (fixed-maturity, primary series)"
1844-03-30,Pennsylvania,S-2410,68.0,6.0,current_yield,8.823529411764707,8.823529411764707,defaulted,secondary_pa_bridge,False,False,True,"S-2330/S-2410 (fixed-maturity, primary series)"
1844-04-06,Pennsylvania,S-2330,63.5,5.0,current_yield,7.874015748031496,7.874015748031496,defaulted,secondary_pa_bridge,False,False,True,"S-2330/S-2410 (fixed-maturity, primary series)"
1844-04-06,Pennsylvania,S-2410,66.0,6.0,current_yield,9.090909090909092,9.090909090909092,defaulted,secondary_pa_bridge,False,False,True,"S-2330/S-2410 (fixed-maturity, primary series)"
1844-04-20,Pennsylvania,S-2330,65.25,5.0,current_yield,7.662835249042145,7.662835249042145,defaulted,secondary_pa_bridge,False,False,True,"S-2330/S-2410 (fixed-maturity, primary series)"
1844-04-20,Pennsylvania,S-2410,69.0,6.0,current_yield,8.695652173913043,8.695652173913043,defaulted,secondary_pa_bridge,False,False,True,"S-2330/S-2410 (fixed-maturity, primary series)"
1844-04-27,Pennsylvania,S-2330,67.75,5.0,current_yield,7.380073800738007,7.380073800738007,defaulted,secondary_pa_bridge,False,False,True,"S-2330/S-2410 (fixed-maturity, primary series)"
1844-04-27,Pennsylvania,S-2410,70.0,6.0,current_yield,8.571428571428571,8.571428571428571,defaulted,secondary_pa_bridge,False,False,True,"S-2330/S-2410 (fixed-maturity, primary series)"
1844-05-11,Pennsylvania,S-2330,76.0,5.0,current_yield,6.578947368421052,6.578947368421052,defaulted,secondary_pa_bridge,False,False,True,"S-2330/S-2410 (fixed-maturity, primary series)"
1844-05-11,Pennsylvania,S-2410,79.0,6.0,current_yield,7.59493670886076,7.59493670886076,defaulted,secondary_pa_bridge,False,False,True,"S-2330/S-2410 (fixed-maturity, primary series)"
1844-05-18,Pennsylvania,S-2410,80.5,6.0,current_yield,7.453416149068323,7.453416149068323,defaulted,secondary_pa_bridge,False,False,True,"S-2330/S-2410 (fixed-maturity, primary series)"
1844-05-18,Pennsylvania,S-2330,76.75,5.0,current_yield,6.514657980456026,6.514657980456026,defaulted,secondary_pa_bridge,False,False,True,"S-2330/S-2410 (fixed-maturity, primary series)"
1844-05-25,Pennsylvania,S-2410,84.0,6.0,current_yield,7.142857142857142,7.142857142857142,defaulted,secondary_pa_bridge,False,False,True,"S-2330/S-2410 (fixed-maturity, primary series)"
1844-05-25,Pennsylvania,S-2330,80.0,5.0,current_yield,6.25,6.25,defaulted,secondary_pa_bridge,False,False,True,"S-2330/S-2410 (fixed-maturity, primary series)"
1844-06-01,Pennsylvania,S-2410,82.0,6.0,current_yield,7.317073170731707,7.317073170731707,defaulted,secondary_pa_bridge,False,False,True,"S-2330/S-2410 (fixed-maturity, primary series)"
1844-06-01,Pennsylvania,S-2330,79.5,5.0,current_yield,6.289308176100629,6.289308176100629,defaulted,secondary_pa_bridge,False,False,True,"S-2330/S-2410 (fixed-maturity, primary series)"
1844-06-08,Pennsylvania,S-2410,82.0,6.0,current_yield,7.317073170731707,7.317073170731707,defaulted,secondary_pa_bridge,False,False,True,"S-2330/S-2410 (fixed-maturity, primary series)"
1844-06-08,Pennsylvania,S-2330,77.5,5.0,current_yield,6.451612903225806,6.451612903225806,defaulted,secondary_pa_bridge,False,False,True,"S-2330/S-2410 (fixed-maturity, primary series)"
1844-06-15,Pennsylvania,S-2330,78.0,5.0,current_yield,6.41025641025641,6.41025641025641,defaulted,secondary_pa_bridge,False,False,True,"S-2330/S-2410 (fixed-maturity, primary series)"
1844-06-15,Pennsylvania,S-2410,81.0,6.0,current_yield,7.4074074074074066,7.4074074074074066,defaulted,secondary_pa_bridge,False,False,True,"S-2330/S-2410 (fixed-maturity, primary series)"
1844-06-22,Pennsylvania,S-2410,79.75,6.0,current_yield,7.523510971786834,7.523510971786834,defaulted,secondary_pa_bridge,False,False,True,"S-2330/S-2410 (fixed-maturity, primary series)"
1844-06-22,Pennsylvania,S-2330,73.0,5.0,current_yield,6.8493150684931505,6.8493150684931505,defaulted,secondary_pa_bridge,False,False,True,"S-2330/S-2410 (fixed-maturity, primary series)"
1844-06-29,Pennsylvania,S-2410,79.0,6.0,current_yield,7.59493670886076,7.59493670886076,defaulted,secondary_pa_bridge,False,False,True,"S-2330/S-2410 (fixed-maturity, primary series)"
1844-06-29,Pennsylvania,S-2330,75.25,5.0,current_yield,6.64451827242525,6.64451827242525,defaulted,secondary_pa_bridge,False,False,True,"S-2330/S-2410 (fixed-maturity, primary series)"
1844-07-06,Pennsylvania,S-2410,76.0,6.0,current_yield,7.894736842105263,7.894736842105263,defaulted,secondary_pa_bridge,False,False,True,"S-2330/S-2410 (fixed-maturity, primary series)"
1844-07-06,Pennsylvania,S-2330,74.5,5.0,current_yield,6.7114093959731544,6.7114093959731544,defaulted,secondary_pa_bridge,False,False,True,"S-2330/S-2410 (fixed-maturity, primary series)"
1844-07-13,Pennsylvania,S-2330,74.5,5.0,current_yield,6.7114093959731544,6.7114093959731544,defaulted,secondary_pa_bridge,False,False,True,"S-2330/S-2410 (fixed-maturity, primary series)"
1844-07-13,Pennsylvania,S-2410,76.0,6.0,current_yield,7.894736842105263,7.894736842105263,defaulted,secondary_pa_bridge,False,False,True,"S-2330/S-2410 (fixed-maturity, primary series)"
1844-07-20,Pennsylvania,S-2330,75.0,5.0,current_yield,6.666666666666667,6.666666666666667,defaulted,secondary_pa_bridge,False,False,True,"S-2330/S-2410 (fixed-maturity, primary series)"
1844-07-20,Pennsylvania,S-2410,78.0,6.0,current_yield,7.6923076923076925,7.6923076923076925,defaulted,secondary_pa_bridge,False,False,True,"S-2330/S-2410 (fixed-maturity, primary series)"
1844-07-27,Pennsylvania,S-2410,77.0,6.0,current_yield,7.792207792207792,7.792207792207792,defaulted,secondary_pa_bridge,False,False,True,"S-2330/S-2410 (fixed-maturity, primary series)"
1844-07-27,Pennsylvania,S-2330,75.25,5.0,current_yield,6.64451827242525,6.64451827242525,defaulted,secondary_pa_bridge,False,False,True,"S-2330/S-2410 (fixed-maturity, primary series)"
1844-08-03,Pennsylvania,S-2410,79.5,6.0,current_yield,7.547169811320755,7.547169811320755,defaulted,secondary_pa_bridge,False,False,True,"S-2330/S-2410 (fixed-maturity, primary series)"
1844-08-03,Pennsylvania,S-2330,74.25,5.0,current_yield,6.7340067340067336,6.7340067340067336,defaulted,secondary_pa_bridge,False,False,True,"S-2330/S-2410 (fixed-maturity, primary series)"
1844-08-10,Pennsylvania,S-2410,75.0,6.0,current_yield,8.0,8.0,defaulted,secondary_pa_bridge,False,False,True,"S-2330/S-2410 (fixed-maturity, primary series)"
1844-08-10,Pennsylvania,S-2330,73.5,5.0,current_yield,6.802721088435375,6.802721088435375,defaulted,secondary_pa_bridge,False,False,True,"S-2330/S-2410 (fixed-maturity, primary series)"
1844-08-17,Pennsylvania,S-2410,76.0,6.0,current_yield,7.894736842105263,7.894736842105263,defaulted,secondary_pa_bridge,False,False,True,"S-2330/S-2410 (fixed-maturity, primary series)"
1844-08-17,Pennsylvania,S-2330,74.5,5.0,current_yield,6.7114093959731544,6.7114093959731544,defaulted,secondary_pa_bridge,False,False,True,"S-2330/S-2410 (fixed-maturity, primary series)"
1844-08-24,Pennsylvania,S-2410,76.0,6.0,current_yield,7.894736842105263,7.894736842105263,defaulted,secondary_pa_bridge,False,False,True,"S-2330/S-2410 (fixed-maturity, primary series)"
1844-08-24,Pennsylvania,S-2330,73.5,5.0,current_yield,6.802721088435375,6.802721088435375,defaulted,secondary_pa_bridge,False,False,True,"S-2330/S-2410 (fixed-maturity, primary series)"
1844-08-31,Pennsylvania,S-2410,72.5,6.0,current_yield,8.275862068965518,8.275862068965518,defaulted,secondary_pa_bridge,False,False,True,"S-2330/S-2410 (fixed-maturity, primary series)"
1844-08-31,Pennsylvania,S-2330,71.0,5.0,current_yield,7.042253521126761,7.042253521126761,defaulted,secondary_pa_bridge,False,False,True,"S-2330/S-2410 (fixed-maturity, primary series)"
1844-09-07,Pennsylvania,S-2410,70.0,6.0,current_yield,8.571428571428571,8.571428571428571,defaulted,secondary_pa_bridge,False,False,True,"S-2330/S-2410 (fixed-maturity, primary series)"
1844-09-07,Pennsylvania,S-2330,72.5,5.0,current_yield,6.896551724137931,6.896551724137931,defaulted,secondary_pa_bridge,False,False,True,"S-2330/S-2410 (fixed-maturity, primary series)"
1844-09-14,Pennsylvania,S-2410,70.0,6.0,current_yield,8.571428571428571,8.571428571428571,defaulted,secondary_pa_bridge,False,False,True,"S-2330/S-2410 (fixed-maturity, primary series)"
1844-09-14,Pennsylvania,S-2330,72.5,5.0,current_yield,6.896551724137931,6.896551724137931,defaulted,secondary_pa_bridge,False,False,True,"S-2330/S-2410 (fixed-maturity, primary series)"
1844-09-21,Pennsylvania,S-2330,72.5,5.0,current_yield,6.896551724137931,6.896551724137931,defaulted,secondary_pa_bridge,False,False,True,"S-2330/S-2410 (fixed-maturity, primary series)"
1844-09-21,Pennsylvania,S-2410,71.0,6.0,current_yield,8.450704225352112,8.450704225352112,defaulted,secondary_pa_bridge,False,False,True,"S-2330/S-2410 (fixed-maturity, primary series)"
1844-09-28,Pennsylvania,S-2410,71.0,6.0,current_yield,8.450704225352112,8.450704225352112,defaulted,secondary_pa_bridge,False,False,True,"S-2330/S-2410 (fixed-maturity, primary series)"
1844-09-28,Pennsylvania,S-2330,71.5,5.0,current_yield,6.993006993006993,6.993006993006993,defaulted,secondary_pa_bridge,False,False,True,"S-2330/S-2410 (fixed-maturity, primary series)"
1844-10-06,Pennsylvania,S-2330,71.5,5.0,current_yield,6.993006993006993,6.993006993006993,defaulted,secondary_pa_bridge,False,False,True,"S-2330/S-2410 (fixed-maturity, primary series)"
1844-10-06,Pennsylvania,S-2410,71.0,6.0,current_yield,8.450704225352112,8.450704225352112,defaulted,secondary_pa_bridge,False,False,True,"S-2330/S-2410 (fixed-maturity, primary series)"
1844-10-12,Pennsylvania,S-2330,74.25,5.0,current_yield,6.7340067340067336,6.7340067340067336,defaulted,secondary_pa_bridge,False,False,True,"S-2330/S-2410 (fixed-maturity, primary series)"
1844-10-12,Pennsylvania,S-2410,71.0,6.0,current_yield,8.450704225352112,8.450704225352112,defaulted,secondary_pa_bridge,False,False,True,"S-2330/S-2410 (fixed-maturity, primary series)"
1844-10-19,Pennsylvania,S-2330,74.25,5.0,current_yield,6.7340067340067336,6.7340067340067336,defaulted,secondary_pa_bridge,False,False,True,"S-2330/S-2410 (fixed-maturity, primary series)"
1844-10-19,Pennsylvania,S-2410,71.0,6.0,current_yield,8.450704225352112,8.450704225352112,defaulted,secondary_pa_bridge,False,False,True,"S-2330/S-2410 (fixed-maturity, primary series)"
1844-10-26,Pennsylvania,S-2330,74.25,5.0,current_yield,6.7340067340067336,6.7340067340067336,defaulted,secondary_pa_bridge,False,False,True,"S-2330/S-2410 (fixed-maturity, primary series)"
1844-10-26,Pennsylvania,S-2410,74.5,6.0,current_yield,8.053691275167784,8.053691275167784,defaulted,secondary_pa_bridge,False,False,True,"S-2330/S-2410 (fixed-maturity, primary series)"
1844-11-02,Pennsylvania,S-2410,74.5,6.0,current_yield,8.053691275167784,8.053691275167784,defaulted,secondary_pa_bridge,False,False,True,"S-2330/S-2410 (fixed-maturity, primary series)"
1844-11-02,Pennsylvania,S-2330,73.75,5.0,current_yield,6.779661016949152,6.779661016949152,defaulted,secondary_pa_bridge,False,False,True,"S-2330/S-2410 (fixed-maturity, primary series)"
1844-11-09,Pennsylvania,S-2330,73.75,5.0,current_yield,6.779661016949152,6.779661016949152,defaulted,secondary_pa_bridge,False,False,True,"S-2330/S-2410 (fixed-maturity, primary series)"
1844-11-09,Pennsylvania,S-2410,74.5,6.0,current_yield,8.053691275167784,8.053691275167784,defaulted,secondary_pa_bridge,False,False,True,"S-2330/S-2410 (fixed-maturity, primary series)"
1844-11-23,Pennsylvania,S-2330,67.5,5.0,current_yield,7.4074074074074066,7.4074074074074066,defaulted,secondary_pa_bridge,False,False,True,"S-2330/S-2410 (fixed-maturity, primary series)"
1844-11-23,Pennsylvania,S-2410,70.0,6.0,current_yield,8.571428571428571,8.571428571428571,defaulted,secondary_pa_bridge,False,False,True,"S-2330/S-2410 (fixed-maturity, primary series)"
1844-11-30,Pennsylvania,S-2330,67.0,5.0,current_yield,7.462686567164178,7.462686567164178,defaulted,secondary_pa_bridge,False,False,True,"S-2330/S-2410 (fixed-maturity, primary series)"
1844-11-30,Pennsylvania,S-2410,70.0,6.0,current_yield,8.571428571428571,8.571428571428571,defaulted,secondary_pa_bridge,False,False,True,"S-2330/S-2410 (fixed-maturity, primary series)"
1844-12-07,Pennsylvania,S-2330,69.5,5.0,current_yield,7.194244604316546,7.194244604316546,defaulted,secondary_pa_bridge,False,False,True,"S-2330/S-2410 (fixed-maturity, primary series)"
1844-12-07,Pennsylvania,S-2410,69.5,6.0,current_yield,8.633093525179856,8.633093525179856,defaulted,secondary_pa_bridge,False,False,True,"S-2330/S-2410 (fixed-maturity, primary series)"
1844-12-14,Pennsylvania,S-2410,70.0,6.0,current_yield,8.571428571428571,8.571428571428571,defaulted,secondary_pa_bridge,False,False,True,"S-2330/S-2410 (fixed-maturity, primary series)"
1844-12-14,Pennsylvania,S-2460,66.0,5.0,current_yield,7.575757575757576,7.575757575757576,defaulted,secondary_pa_bridge,False,False,,"S-2460 ""new annual 5s"" (different named instrument, not a splice)"
1844-12-21,Pennsylvania,S-2410,71.25,6.0,current_yield,8.421052631578947,8.421052631578947,defaulted,secondary_pa_bridge,False,False,True,"S-2330/S-2410 (fixed-maturity, primary series)"
1844-12-21,Pennsylvania,S-2460,66.0,5.0,current_yield,7.575757575757576,7.575757575757576,defaulted,secondary_pa_bridge,False,False,,"S-2460 ""new annual 5s"" (different named instrument, not a splice)"
1844-12-28,Pennsylvania,S-2410,72.75,6.0,current_yield,8.24742268041237,8.24742268041237,defaulted,secondary_pa_bridge,False,False,True,"S-2330/S-2410 (fixed-maturity, primary series)"
1844-12-28,Pennsylvania,S-2460,68.0,5.0,current_yield,7.352941176470589,7.352941176470589,defaulted,secondary_pa_bridge,False,False,,"S-2460 ""new annual 5s"" (different named instrument, not a splice)"
1845-01-04,Pennsylvania,S-2460,68.0,5.0,current_yield,7.352941176470589,7.352941176470589,defaulted,secondary_pa_bridge,False,False,,"S-2460 ""new annual 5s"" (different named instrument, not a splice)"
1845-01-04,Pennsylvania,S-2410,72.75,6.0,current_yield,8.24742268041237,8.24742268041237,defaulted,secondary_pa_bridge,False,False,True,"S-2330/S-2410 (fixed-maturity, primary series)"
1845-01-11,Pennsylvania,S-2410,71.0,6.0,current_yield,8.450704225352112,8.450704225352112,defaulted,secondary_pa_bridge,False,False,True,"S-2330/S-2410 (fixed-maturity, primary series)"
1845-01-11,Pennsylvania,S-2460,64.0,5.0,current_yield,7.8125,7.8125,defaulted,secondary_pa_bridge,False,False,,"S-2460 ""new annual 5s"" (different named instrument, not a splice)"
1845-01-18,Pennsylvania,S-2410,71.0,6.0,current_yield,8.450704225352112,8.450704225352112,defaulted,secondary_pa_bridge,False,False,True,"S-2330/S-2410 (fixed-maturity, primary series)"
1845-01-18,Pennsylvania,S-2460,65.0,5.0,current_yield,7.6923076923076925,7.6923076923076925,defaulted,secondary_pa_bridge,False,False,,"S-2460 ""new annual 5s"" (different named instrument, not a splice)"
1845-01-25,Pennsylvania,S-2460,64.0,5.0,current_yield,7.8125,7.8125,defaulted,secondary_pa_bridge,False,False,,"S-2460 ""new annual 5s"" (different named instrument, not a splice)"
1845-01-25,Pennsylvania,S-2410,71.0,6.0,current_yield,8.450704225352112,8.450704225352112,defaulted,secondary_pa_bridge,False,False,True,"S-2330/S-2410 (fixed-maturity, primary series)"
1845-02-08,Pennsylvania,S-2460,66.0,5.0,current_yield,7.575757575757576,7.575757575757576,defaulted,secondary_pa_bridge,False,False,,"S-2460 ""new annual 5s"" (different named instrument, not a splice)"
1845-02-15,Pennsylvania,S-2460,65.5,5.0,current_yield,7.633587786259542,7.633587786259542,defaulted,secondary_pa_bridge,False,False,,"S-2460 ""new annual 5s"" (different named instrument, not a splice)"
1845-02-22,Pennsylvania,S-2460,66.0,5.0,current_yield,7.575757575757576,7.575757575757576,defaulted,secondary_pa_bridge,False,False,,"S-2460 ""new annual 5s"" (different named instrument, not a splice)"
1845-03-01,Pennsylvania,S-2460,66.0,5.0,current_yield,7.575757575757576,7.575757575757576,defaulted,secondary_pa_bridge,False,False,,"S-2460 ""new annual 5s"" (different named instrument, not a splice)"
1845-03-08,Pennsylvania,S-2460,66.0,5.0,current_yield,7.575757575757576,7.575757575757576,defaulted,secondary_pa_bridge,False,False,,"S-2460 ""new annual 5s"" (different named instrument, not a splice)"
1845-03-15,Pennsylvania,S-2460,66.0,5.0,current_yield,7.575757575757576,7.575757575757576,defaulted,secondary_pa_bridge,False,False,,"S-2460 ""new annual 5s"" (different named instrument, not a splice)"
1845-03-22,Pennsylvania,S-2460,69.0,5.0,current_yield,7.246376811594203,7.246376811594203,defaulted,secondary_pa_bridge,False,False,,"S-2460 ""new annual 5s"" (different named instrument, not a splice)"
1845-03-29,Pennsylvania,S-2460,68.0,5.0,current_yield,7.352941176470589,7.352941176470589,defaulted,secondary_pa_bridge,False,False,,"S-2460 ""new annual 5s"" (different named instrument, not a splice)"
1845-04-05,Pennsylvania,S-2460,68.0,5.0,current_yield,7.352941176470589,7.352941176470589,defaulted,secondary_pa_bridge,False,False,,"S-2460 ""new annual 5s"" (different named instrument, not a splice)"
1845-04-12,Pennsylvania,S-2460,67.25,5.0,current_yield,7.434944237918216,7.434944237918216,defaulted,secondary_pa_bridge,False,False,,"S-2460 ""new annual 5s"" (different named instrument, not a splice)"
1845-04-19,Pennsylvania,S-2460,67.25,5.0,current_yield,7.434944237918216,7.434944237918216,defaulted,secondary_pa_bridge,False,False,,"S-2460 ""new annual 5s"" (different named instrument, not a splice)"
1845-05-03,Pennsylvania,S-2460,67.25,5.0,current_yield,7.434944237918216,7.434944237918216,defaulted,secondary_pa_bridge,False,False,,"S-2460 ""new annual 5s"" (different named instrument, not a splice)"
1845-05-10,Pennsylvania,S-2460,69.0,5.0,current_yield,7.246376811594203,7.246376811594203,defaulted,secondary_pa_bridge,False,False,,"S-2460 ""new annual 5s"" (different named instrument, not a splice)"
1845-05-17,Pennsylvania,S-2460,69.0,5.0,current_yield,7.246376811594203,7.246376811594203,defaulted,secondary_pa_bridge,False,False,,"S-2460 ""new annual 5s"" (different named instrument, not a splice)"
1845-05-24,Pennsylvania,S-2460,69.0,5.0,current_yield,7.246376811594203,7.246376811594203,defaulted,secondary_pa_bridge,False,False,,"S-2460 ""new annual 5s"" (different named instrument, not a splice)"
1845-05-31,Pennsylvania,S-2460,69.5,5.0,current_yield,7.194244604316546,7.194244604316546,defaulted,secondary_pa_bridge,False,False,,"S-2460 ""new annual 5s"" (different named instrument, not a splice)"
1845-06-07,Pennsylvania,S-2460,69.5,5.0,current_yield,7.194244604316546,7.194244604316546,defaulted,secondary_pa_bridge,False,False,,"S-2460 ""new annual 5s"" (different named instrument, not a splice)"
1845-06-28,Pennsylvania,S-2460,78.0,5.0,current_yield,6.41025641025641,6.41025641025641,defaulted,secondary_pa_bridge,False,False,,"S-2460 ""new annual 5s"" (different named instrument, not a splice)"
1845-07-05,Pennsylvania,S-2460,78.0,5.0,current_yield,6.41025641025641,6.41025641025641,defaulted,secondary_pa_bridge,False,False,,"S-2460 ""new annual 5s"" (different named instrument, not a splice)"
1845-07-12,Pennsylvania,S-2460,75.0,5.0,current_yield,6.666666666666667,6.666666666666667,defaulted,secondary_pa_bridge,False,False,,"S-2460 ""new annual 5s"" (different named instrument, not a splice)"
1845-07-19,Pennsylvania,S-2460,76.0,5.0,current_yield,6.578947368421052,6.578947368421052,defaulted,secondary_pa_bridge,False,False,,"S-2460 ""new annual 5s"" (different named instrument, not a splice)"
1845-07-26,Pennsylvania,S-2460,77.0,5.0,current_yield,6.493506493506493,6.493506493506493,defaulted,secondary_pa_bridge,False,False,,"S-2460 ""new annual 5s"" (different named instrument, not a splice)"
1845-08-02,Pennsylvania,S-2460,77.0,5.0,current_yield,6.493506493506493,6.493506493506493,defaulted,secondary_pa_bridge,False,False,,"S-2460 ""new annual 5s"" (different named instrument, not a splice)"
1845-08-09,Pennsylvania,S-2460,80.0,5.0,current_yield,6.25,6.25,defaulted,secondary_pa_bridge,False,False,,"S-2460 ""new annual 5s"" (different named instrument, not a splice)"
1845-08-16,Pennsylvania,S-2460,80.0,5.0,current_yield,6.25,6.25,defaulted,secondary_pa_bridge,False,False,,"S-2460 ""new annual 5s"" (different named instrument, not a splice)"
1845-08-23,Pennsylvania,S-2460,75.0,5.0,current_yield,6.666666666666667,6.666666666666667,defaulted,secondary_pa_bridge,False,False,,"S-2460 ""new annual 5s"" (different named instrument, not a splice)"
1845-08-30,Pennsylvania,S-2460,74.0,5.0,current_yield,6.756756756756757,6.756756756756757,defaulted,secondary_pa_bridge,False,False,,"S-2460 ""new annual 5s"" (different named instrument, not a splice)"
1845-09-06,Pennsylvania,S-2460,76.0,5.0,current_yield,6.578947368421052,6.578947368421052,defaulted,secondary_pa_bridge,False,False,,"S-2460 ""new annual 5s"" (different named instrument, not a splice)"
1845-09-13,Pennsylvania,S-2460,76.0,5.0,current_yield,6.578947368421052,6.578947368421052,defaulted,secondary_pa_bridge,False,False,,"S-2460 ""new annual 5s"" (different named instrument, not a splice)"
1845-09-20,Pennsylvania,S-2460,78.0,5.0,current_yield,6.41025641025641,6.41025641025641,defaulted,secondary_pa_bridge,False,False,,"S-2460 ""new annual 5s"" (different named instrument, not a splice)"
1845-09-27,Pennsylvania,S-2460,78.0,5.0,current_yield,6.41025641025641,6.41025641025641,defaulted,secondary_pa_bridge,False,False,,"S-2460 ""new annual 5s"" (different named instrument, not a splice)"
1845-10-04,Pennsylvania,S-2460,78.0,5.0,current_yield,6.41025641025641,6.41025641025641,defaulted,secondary_pa_bridge,False,False,,"S-2460 ""new annual 5s"" (different named instrument, not a splice)"
1845-10-11,Pennsylvania,S-2460,78.0,5.0,current_yield,6.41025641025641,6.41025641025641,defaulted,secondary_pa_bridge,False,False,,"S-2460 ""new annual 5s"" (different named instrument, not a splice)"
1845-10-18,Pennsylvania,S-2460,79.0,5.0,current_yield,6.329113924050633,6.329113924050633,defaulted,secondary_pa_bridge,False,False,,"S-2460 ""new annual 5s"" (different named instrument, not a splice)"
1845-10-25,Pennsylvania,S-2460,79.0,5.0,current_yield,6.329113924050633,6.329113924050633,defaulted,secondary_pa_bridge,False,False,,"S-2460 ""new annual 5s"" (different named instrument, not a splice)"
1845-11-01,Pennsylvania,S-2460,79.0,5.0,current_yield,6.329113924050633,6.329113924050633,defaulted,secondary_pa_bridge,False,False,,"S-2460 ""new annual 5s"" (different named instrument, not a splice)"
1845-11-08,Pennsylvania,S-2460,79.0,5.0,current_yield,6.329113924050633,6.329113924050633,defaulted,secondary_pa_bridge,False,False,,"S-2460 ""new annual 5s"" (different named instrument, not a splice)"
1845-11-22,Pennsylvania,S-2460,79.0,5.0,current_yield,6.329113924050633,6.329113924050633,defaulted,secondary_pa_bridge,False,False,,"S-2460 ""new annual 5s"" (different named instrument, not a splice)"
1845-12-27,Pennsylvania,S-2460,68.0,5.0,current_yield,7.352941176470589,7.352941176470589,defaulted,secondary_pa_bridge,False,False,,"S-2460 ""new annual 5s"" (different named instrument, not a splice)"
1846-01-03,Pennsylvania,S-2460,69.75,5.0,current_yield,7.168458781362006,7.168458781362006,defaulted,secondary_pa_bridge,False,False,,"S-2460 ""new annual 5s"" (different named instrument, not a splice)"
1846-01-10,Pennsylvania,S-2460,69.0,5.0,current_yield,7.246376811594203,7.246376811594203,defaulted,secondary_pa_bridge,False,False,,"S-2460 ""new annual 5s"" (different named instrument, not a splice)"
1846-01-17,Pennsylvania,S-2460,69.0,5.0,current_yield,7.246376811594203,7.246376811594203,defaulted,secondary_pa_bridge,False,False,,"S-2460 ""new annual 5s"" (different named instrument, not a splice)"
1846-01-24,Pennsylvania,S-2460,67.0,5.0,current_yield,7.462686567164178,7.462686567164178,defaulted,secondary_pa_bridge,False,False,,"S-2460 ""new annual 5s"" (different named instrument, not a splice)"
1846-02-07,Pennsylvania,S-2460,70.0,5.0,current_yield,7.142857142857142,7.142857142857142,defaulted,secondary_pa_bridge,False,False,,"S-2460 ""new annual 5s"" (different named instrument, not a splice)"
1846-02-14,Pennsylvania,S-2460,70.0,5.0,current_yield,7.142857142857142,7.142857142857142,defaulted,secondary_pa_bridge,False,False,,"S-2460 ""new annual 5s"" (different named instrument, not a splice)"
1846-03-21,Pennsylvania,S-2460,72.0,5.0,current_yield,6.944444444444445,6.944444444444445,defaulted,secondary_pa_bridge,False,False,,"S-2460 ""new annual 5s"" (different named instrument, not a splice)"
1846-03-28,Pennsylvania,S-2460,72.0,5.0,current_yield,6.944444444444445,6.944444444444445,defaulted,secondary_pa_bridge,False,False,,"S-2460 ""new annual 5s"" (different named instrument, not a splice)"
1846-04-04,Pennsylvania,S-2460,72.0,5.0,current_yield,6.944444444444445,6.944444444444445,defaulted,secondary_pa_bridge,False,False,,"S-2460 ""new annual 5s"" (different named instrument, not a splice)"
1846-04-11,Pennsylvania,S-2460,72.0,5.0,current_yield,6.944444444444445,6.944444444444445,defaulted,secondary_pa_bridge,False,False,,"S-2460 ""new annual 5s"" (different named instrument, not a splice)"
1846-04-18,Pennsylvania,S-2460,67.0,5.0,current_yield,7.462686567164178,7.462686567164178,defaulted,secondary_pa_bridge,False,False,,"S-2460 ""new annual 5s"" (different named instrument, not a splice)"
1846-04-25,Pennsylvania,S-2460,67.0,5.0,current_yield,7.462686567164178,7.462686567164178,defaulted,secondary_pa_bridge,False,False,,"S-2460 ""new annual 5s"" (different named instrument, not a splice)"
1846-05-09,Pennsylvania,S-2460,69.0,5.0,current_yield,7.246376811594203,7.246376811594203,defaulted,secondary_pa_bridge,False,False,,"S-2460 ""new annual 5s"" (different named instrument, not a splice)"
1846-05-16,Pennsylvania,S-2460,64.75,5.0,current_yield,7.722007722007722,7.722007722007722,defaulted,secondary_pa_bridge,False,False,,"S-2460 ""new annual 5s"" (different named instrument, not a splice)"
1846-05-23,Pennsylvania,S-2460,64.75,5.0,current_yield,7.722007722007722,7.722007722007722,defaulted,secondary_pa_bridge,False,False,,"S-2460 ""new annual 5s"" (different named instrument, not a splice)"
1846-06-13,Pennsylvania,S-2460,68.0,5.0,current_yield,7.352941176470589,7.352941176470589,defaulted,secondary_pa_bridge,False,False,,"S-2460 ""new annual 5s"" (different named instrument, not a splice)"
1846-06-20,Pennsylvania,S-2460,68.0,5.0,current_yield,7.352941176470589,7.352941176470589,defaulted,secondary_pa_bridge,False,False,,"S-2460 ""new annual 5s"" (different named instrument, not a splice)"
1846-06-27,Pennsylvania,S-2460,71.0,5.0,current_yield,7.042253521126761,7.042253521126761,defaulted,secondary_pa_bridge,False,False,,"S-2460 ""new annual 5s"" (different named instrument, not a splice)"
1846-07-11,Pennsylvania,S-2460,71.0,5.0,current_yield,7.042253521126761,7.042253521126761,defaulted,secondary_pa_bridge,False,False,,"S-2460 ""new annual 5s"" (different named instrument, not a splice)"
1846-07-18,Pennsylvania,S-2460,71.0,5.0,current_yield,7.042253521126761,7.042253521126761,defaulted,secondary_pa_bridge,False,False,,"S-2460 ""new annual 5s"" (different named instrument, not a splice)"
1846-07-25,Pennsylvania,S-2460,71.0,5.0,current_yield,7.042253521126761,7.042253521126761,defaulted,secondary_pa_bridge,False,False,,"S-2460 ""new annual 5s"" (different named instrument, not a splice)"
1846-08-15,Pennsylvania,S-2460,71.0,5.0,current_yield,7.042253521126761,7.042253521126761,defaulted,secondary_pa_bridge,False,False,,"S-2460 ""new annual 5s"" (different named instrument, not a splice)"
1846-08-29,Pennsylvania,S-2460,71.0,5.0,current_yield,7.042253521126761,7.042253521126761,defaulted,secondary_pa_bridge,False,False,,"S-2460 ""new annual 5s"" (different named instrument, not a splice)"
1846-09-05,Pennsylvania,S-2460,71.0,5.0,current_yield,7.042253521126761,7.042253521126761,defaulted,secondary_pa_bridge,False,False,,"S-2460 ""new annual 5s"" (different named instrument, not a splice)"
1846-09-19,Pennsylvania,S-2460,71.0,5.0,current_yield,7.042253521126761,7.042253521126761,defaulted,secondary_pa_bridge,False,False,,"S-2460 ""new annual 5s"" (different named instrument, not a splice)"
1846-09-26,Pennsylvania,S-2460,71.0,5.0,current_yield,7.042253521126761,7.042253521126761,defaulted,secondary_pa_bridge,False,False,,"S-2460 ""new annual 5s"" (different named instrument, not a splice)"
1846-10-03,Pennsylvania,S-2460,71.0,5.0,current_yield,7.042253521126761,7.042253521126761,defaulted,secondary_pa_bridge,False,False,,"S-2460 ""new annual 5s"" (different named instrument, not a splice)"
1846-10-10,Pennsylvania,S-2460,71.0,5.0,current_yield,7.042253521126761,7.042253521126761,defaulted,secondary_pa_bridge,False,False,,"S-2460 ""new annual 5s"" (different named instrument, not a splice)"
1846-10-17,Pennsylvania,S-2460,71.0,5.0,current_yield,7.042253521126761,7.042253521126761,defaulted,secondary_pa_bridge,False,False,,"S-2460 ""new annual 5s"" (different named instrument, not a splice)"
1846-12-05,Pennsylvania,S-2460,71.0,5.0,current_yield,7.042253521126761,7.042253521126761,defaulted,secondary_pa_bridge,False,False,,"S-2460 ""new annual 5s"" (different named instrument, not a splice)"
1846-12-12,Pennsylvania,S-2460,76.0,5.0,current_yield,6.578947368421052,6.578947368421052,defaulted,secondary_pa_bridge,False,False,,"S-2460 ""new annual 5s"" (different named instrument, not a splice)"
1846-12-19,Pennsylvania,S-2460,77.0,5.0,current_yield,6.493506493506493,6.493506493506493,defaulted,secondary_pa_bridge,False,False,,"S-2460 ""new annual 5s"" (different named instrument, not a splice)"
1846-12-26,Pennsylvania,S-2460,77.0,5.0,current_yield,6.493506493506493,6.493506493506493,defaulted,secondary_pa_bridge,False,False,,"S-2460 ""new annual 5s"" (different named instrument, not a splice)"
1847-01-02,Pennsylvania,S-2460,77.0,5.0,current_yield,6.493506493506493,6.493506493506493,defaulted,secondary_pa_bridge,False,False,,"S-2460 ""new annual 5s"" (different named instrument, not a splice)"
1847-01-16,Pennsylvania,S-2460,74.0,5.0,current_yield,6.756756756756757,6.756756756756757,defaulted,secondary_pa_bridge,False,False,,"S-2460 ""new annual 5s"" (different named instrument, not a splice)"
1847-01-23,Pennsylvania,S-2460,74.0,5.0,current_yield,6.756756756756757,6.756756756756757,defaulted,secondary_pa_bridge,False,False,,"S-2460 ""new annual 5s"" (different named instrument, not a splice)"
