date,code,name,price,coupon,yield_measure_used,yield,excluded_near_maturity,excluded_past_maturity,in_c1100_gap_fill_window_feb25_aug5_1843,strictly_post_signal_apr1_aug5_1843
1840-12-19,C-1260,"Philadelphia 6s, r. 1852",107.0,6.0,current_yield,5.607476635514018,False,False,False,False
1840-12-26,C-1260,"Philadelphia 6s, r. 1852",107.0,6.0,current_yield,5.607476635514018,False,False,False,False
1841-01-02,C-1260,"Philadelphia 6s, r. 1852",107.0,6.0,current_yield,5.607476635514018,False,False,False,False
1841-01-09,C-1260,"Philadelphia 6s, r. 1852",107.0,6.0,current_yield,5.607476635514018,False,False,False,False
1841-01-16,C-1260,"Philadelphia 6s, r. 1852",107.0,6.0,current_yield,5.607476635514018,False,False,False,False
1841-01-23,C-1260,"Philadelphia 6s, r. 1852",107.0,6.0,current_yield,5.607476635514018,False,False,False,False
1841-02-20,C-1260,"Philadelphia 6s, r. 1852",107.0,6.0,current_yield,5.607476635514018,False,False,False,False
1841-02-27,C-1260,"Philadelphia 6s, r. 1852",107.0,6.0,current_yield,5.607476635514018,False,False,False,False
1841-03-06,C-1260,"Philadelphia 6s, r. 1852",107.0,6.0,current_yield,5.607476635514018,False,False,False,False
1841-03-13,C-1260,"Philadelphia 6s, r. 1852",107.0,6.0,current_yield,5.607476635514018,False,False,False,False
1841-03-20,C-1260,"Philadelphia 6s, r. 1852",107.0,6.0,current_yield,5.607476635514018,False,False,False,False
1841-03-27,C-1260,"Philadelphia 6s, r. 1852",104.0,6.0,current_yield,5.769230769230769,False,False,False,False
1841-04-03,C-1260,"Philadelphia 6s, r. 1852",104.0,6.0,current_yield,5.769230769230769,False,False,False,False
1841-04-10,C-1260,"Philadelphia 6s, r. 1852",104.0,6.0,current_yield,5.769230769230769,False,False,False,False
1841-04-17,C-1260,"Philadelphia 6s, r. 1852",104.0,6.0,current_yield,5.769230769230769,False,False,False,False
1841-04-24,C-1260,"Philadelphia 6s, r. 1852",104.0,6.0,current_yield,5.769230769230769,False,False,False,False
1841-05-01,C-1260,"Philadelphia 6s, r. 1852",104.0,6.0,current_yield,5.769230769230769,False,False,False,False
1841-05-15,C-1260,"Philadelphia 6s, r. 1852",104.0,6.0,current_yield,5.769230769230769,False,False,False,False
1841-05-22,C-1260,"Philadelphia 6s, r. 1852",104.0,6.0,current_yield,5.769230769230769,False,False,False,False
1841-05-29,C-1260,"Philadelphia 6s, r. 1852",104.0,6.0,current_yield,5.769230769230769,False,False,False,False
1841-06-05,C-1260,"Philadelphia 6s, r. 1852",104.0,6.0,current_yield,5.769230769230769,False,False,False,False
1841-06-19,C-1260,"Philadelphia 6s, r. 1852",104.0,6.0,current_yield,5.769230769230769,False,False,False,False
1841-06-26,C-1260,"Philadelphia 6s, r. 1852",104.0,6.0,current_yield,5.769230769230769,False,False,False,False
1841-07-17,C-1260,"Philadelphia 6s, r. 1852",104.0,6.0,current_yield,5.769230769230769,False,False,False,False
1841-07-24,C-1260,"Philadelphia 6s, r. 1852",104.0,6.0,current_yield,5.769230769230769,False,False,False,False
1841-07-31,C-1260,"Philadelphia 6s, r. 1852",104.0,6.0,current_yield,5.769230769230769,False,False,False,False
1841-08-07,C-1260,"Philadelphia 6s, r. 1852",106.0,6.0,current_yield,5.660377358490567,False,False,False,False
1841-08-14,C-1260,"Philadelphia 6s, r. 1852",106.0,6.0,current_yield,5.660377358490567,False,False,False,False
1841-08-28,C-1260,"Philadelphia 6s, r. 1852",106.0,6.0,current_yield,5.660377358490567,False,False,False,False
1841-09-04,C-1260,"Philadelphia 6s, r. 1852",106.0,6.0,current_yield,5.660377358490567,False,False,False,False
1841-09-11,C-1260,"Philadelphia 6s, r. 1852",106.0,6.0,current_yield,5.660377358490567,False,False,False,False
1841-09-18,C-1260,"Philadelphia 6s, r. 1852",106.0,6.0,current_yield,5.660377358490567,False,False,False,False
1841-10-16,C-1260,"Philadelphia 6s, r. 1852",107.0,6.0,current_yield,5.607476635514018,False,False,False,False
1841-10-23,C-1260,"Philadelphia 6s, r. 1852",107.0,6.0,current_yield,5.607476635514018,False,False,False,False
1841-10-30,C-1260,"Philadelphia 6s, r. 1852",104.0,6.0,current_yield,5.769230769230769,False,False,False,False
1841-11-06,C-1260,"Philadelphia 6s, r. 1852",104.0,6.0,current_yield,5.769230769230769,False,False,False,False
1841-11-20,C-1260,"Philadelphia 6s, r. 1852",106.0,6.0,current_yield,5.660377358490567,False,False,False,False
1841-11-27,C-1260,"Philadelphia 6s, r. 1852",108.0,6.0,current_yield,5.555555555555555,False,False,False,False
1841-12-04,C-1260,"Philadelphia 6s, r. 1852",108.0,6.0,current_yield,5.555555555555555,False,False,False,False
1841-12-11,C-1260,"Philadelphia 6s, r. 1852",108.0,6.0,current_yield,5.555555555555555,False,False,False,False
1841-12-18,C-1260,"Philadelphia 6s, r. 1852",106.0,6.0,current_yield,5.660377358490567,False,False,False,False
1841-12-25,C-1260,"Philadelphia 6s, r. 1852",106.0,6.0,current_yield,5.660377358490567,False,False,False,False
1842-01-01,C-1260,"Philadelphia 6s, r. 1852",106.0,6.0,current_yield,5.660377358490567,False,False,False,False
1842-01-08,C-1260,"Philadelphia 6s, r. 1852",106.0,6.0,current_yield,5.660377358490567,False,False,False,False
1842-01-15,C-1260,"Philadelphia 6s, r. 1852",106.0,6.0,current_yield,5.660377358490567,False,False,False,False
1842-01-22,C-1260,"Philadelphia 6s, r. 1852",106.0,6.0,current_yield,5.660377358490567,False,False,False,False
1842-02-05,C-1260,"Philadelphia 6s, r. 1852",110.0,6.0,current_yield,5.454545454545454,False,False,False,False
1842-02-19,C-1260,"Philadelphia 6s, r. 1852",110.0,6.0,current_yield,5.454545454545454,False,False,False,False
1842-02-26,C-1260,"Philadelphia 6s, r. 1852",110.0,6.0,current_yield,5.454545454545454,False,False,False,False
1842-03-05,C-1260,"Philadelphia 6s, r. 1852",110.0,6.0,current_yield,5.454545454545454,False,False,False,False
1842-03-12,C-1260,"Philadelphia 6s, r. 1852",108.0,6.0,current_yield,5.555555555555555,False,False,False,False
1842-03-26,C-1260,"Philadelphia 6s, r. 1852",109.0,6.0,current_yield,5.5045871559633035,False,False,False,False
1842-04-02,C-1260,"Philadelphia 6s, r. 1852",101.0,6.0,current_yield,5.9405940594059405,False,False,False,False
1842-04-09,C-1260,"Philadelphia 6s, r. 1852",102.0,6.0,current_yield,5.88235294117647,False,False,False,False
1842-04-16,C-1260,"Philadelphia 6s, r. 1852",102.0,6.0,current_yield,5.88235294117647,False,False,False,False
1842-04-23,C-1260,"Philadelphia 6s, r. 1852",102.0,6.0,current_yield,5.88235294117647,False,False,False,False
1842-04-30,C-1260,"Philadelphia 6s, r. 1852",102.0,6.0,current_yield,5.88235294117647,False,False,False,False
1842-05-07,C-1260,"Philadelphia 6s, r. 1852",102.0,6.0,current_yield,5.88235294117647,False,False,False,False
1842-05-14,C-1260,"Philadelphia 6s, r. 1852",102.0,6.0,current_yield,5.88235294117647,False,False,False,False
1842-05-21,C-1260,"Philadelphia 6s, r. 1852",102.0,6.0,current_yield,5.88235294117647,False,False,False,False
1842-05-28,C-1260,"Philadelphia 6s, r. 1852",103.0,6.0,current_yield,5.825242718446602,False,False,False,False
1842-06-18,C-1260,"Philadelphia 6s, r. 1852",103.0,6.0,current_yield,5.825242718446602,False,False,False,False
1842-06-25,C-1260,"Philadelphia 6s, r. 1852",103.0,6.0,current_yield,5.825242718446602,False,False,False,False
1842-07-02,C-1260,"Philadelphia 6s, r. 1852",103.0,6.0,current_yield,5.825242718446602,False,False,False,False
1842-07-09,C-1260,"Philadelphia 6s, r. 1852",103.0,6.0,current_yield,5.825242718446602,False,False,False,False
1842-07-16,C-1260,"Philadelphia 6s, r. 1852",103.0,6.0,current_yield,5.825242718446602,False,False,False,False
1842-08-06,C-1260,"Philadelphia 6s, r. 1852",103.0,6.0,current_yield,5.825242718446602,False,False,False,False
1842-08-13,C-1260,"Philadelphia 6s, r. 1852",100.0,6.0,current_yield,6.0,False,False,False,False
1842-08-20,C-1260,"Philadelphia 6s, r. 1852",100.0,6.0,current_yield,6.0,False,False,False,False
1842-08-27,C-1260,"Philadelphia 6s, r. 1852",100.0,6.0,current_yield,6.0,False,False,False,False
1842-09-03,C-1260,"Philadelphia 6s, r. 1852",100.0,6.0,current_yield,6.0,False,False,False,False
1842-09-10,C-1260,"Philadelphia 6s, r. 1852",100.0,6.0,current_yield,6.0,False,False,False,False
1842-09-17,C-1260,"Philadelphia 6s, r. 1852",100.0,6.0,current_yield,6.0,False,False,False,False
1842-09-24,C-1260,"Philadelphia 6s, r. 1852",100.0,6.0,current_yield,6.0,False,False,False,False
1842-10-01,C-1260,"Philadelphia 6s, r. 1852",100.0,6.0,current_yield,6.0,False,False,False,False
1842-10-08,C-1260,"Philadelphia 6s, r. 1852",100.0,6.0,current_yield,6.0,False,False,False,False
1842-10-15,C-1260,"Philadelphia 6s, r. 1852",100.0,6.0,current_yield,6.0,False,False,False,False
1842-10-22,C-1260,"Philadelphia 6s, r. 1852",104.0,6.0,current_yield,5.769230769230769,False,False,False,False
1842-10-29,C-1260,"Philadelphia 6s, r. 1852",104.0,6.0,current_yield,5.769230769230769,False,False,False,False
1842-11-05,C-1260,"Philadelphia 6s, r. 1852",104.0,6.0,current_yield,5.769230769230769,False,False,False,False
1842-11-26,C-1260,"Philadelphia 6s, r. 1852",104.0,6.0,current_yield,5.769230769230769,False,False,False,False
1842-12-03,C-1260,"Philadelphia 6s, r. 1852",104.0,6.0,current_yield,5.769230769230769,False,False,False,False
1842-12-17,C-1260,"Philadelphia 6s, r. 1852",103.0,6.0,current_yield,5.825242718446602,False,False,False,False
1842-12-31,C-1260,"Philadelphia 6s, r. 1852",103.0,6.0,current_yield,5.825242718446602,False,False,False,False
1843-01-07,C-1260,"Philadelphia 6s, r. 1852",103.0,6.0,current_yield,5.825242718446602,False,False,False,False
1843-01-14,C-1260,"Philadelphia 6s, r. 1852",103.0,6.0,current_yield,5.825242718446602,False,False,False,False
1843-01-21,C-1260,"Philadelphia 6s, r. 1852",103.0,6.0,current_yield,5.825242718446602,False,False,False,False
1843-01-28,C-1260,"Philadelphia 6s, r. 1852",103.0,6.0,current_yield,5.825242718446602,False,False,False,False
1843-02-11,C-1260,"Philadelphia 6s, r. 1852",103.0,6.0,current_yield,5.825242718446602,False,False,False,False
1843-02-18,C-1260,"Philadelphia 6s, r. 1852",103.0,6.0,current_yield,5.825242718446602,False,False,False,False
1843-02-25,C-1260,"Philadelphia 6s, r. 1852",103.0,6.0,current_yield,5.825242718446602,False,False,True,False
1843-03-04,C-1260,"Philadelphia 6s, r. 1852",104.0,6.0,current_yield,5.769230769230769,False,False,True,False
1843-03-11,C-1260,"Philadelphia 6s, r. 1852",104.0,6.0,current_yield,5.769230769230769,False,False,True,False
1843-03-18,C-1260,"Philadelphia 6s, r. 1852",104.0,6.0,current_yield,5.769230769230769,False,False,True,False
1843-03-26,C-1260,"Philadelphia 6s, r. 1852",104.0,6.0,current_yield,5.769230769230769,False,False,True,False
1843-04-01,C-1260,"Philadelphia 6s, r. 1852",105.0,6.0,current_yield,5.714285714285714,False,False,True,True
1843-04-08,C-1260,"Philadelphia 6s, r. 1852",105.0,6.0,current_yield,5.714285714285714,False,False,True,True
1843-04-15,C-1260,"Philadelphia 6s, r. 1852",107.0,6.0,current_yield,5.607476635514018,False,False,True,True
1843-04-22,C-1260,"Philadelphia 6s, r. 1852",109.0,6.0,current_yield,5.5045871559633035,False,False,True,True
1843-04-29,C-1260,"Philadelphia 6s, r. 1852",109.0,6.0,current_yield,5.5045871559633035,False,False,True,True
1843-05-06,C-1260,"Philadelphia 6s, r. 1852",110.0,6.0,current_yield,5.454545454545454,False,False,True,True
1843-05-13,C-1260,"Philadelphia 6s, r. 1852",110.0,6.0,current_yield,5.454545454545454,False,False,True,True
1843-05-20,C-1260,"Philadelphia 6s, r. 1852",109.0,6.0,current_yield,5.5045871559633035,False,False,True,True
1843-05-27,C-1260,"Philadelphia 6s, r. 1852",109.0,6.0,current_yield,5.5045871559633035,False,False,True,True
1843-06-03,C-1260,"Philadelphia 6s, r. 1852",108.0,6.0,current_yield,5.555555555555555,False,False,True,True
1843-06-10,C-1260,"Philadelphia 6s, r. 1852",110.0,6.0,current_yield,5.454545454545454,False,False,True,True
1843-06-17,C-1260,"Philadelphia 6s, r. 1852",110.0,6.0,current_yield,5.454545454545454,False,False,True,True
1843-06-24,C-1260,"Philadelphia 6s, r. 1852",105.0,6.0,current_yield,5.714285714285714,False,False,True,True
1843-07-01,C-1260,"Philadelphia 6s, r. 1852",107.0,6.0,current_yield,5.607476635514018,False,False,True,True
1843-07-08,C-1260,"Philadelphia 6s, r. 1852",107.0,6.0,current_yield,5.607476635514018,False,False,True,True
1843-07-15,C-1260,"Philadelphia 6s, r. 1852",105.0,6.0,current_yield,5.714285714285714,False,False,True,True
1843-07-22,C-1260,"Philadelphia 6s, r. 1852",105.0,6.0,current_yield,5.714285714285714,False,False,True,True
1843-07-29,C-1260,"Philadelphia 6s, r. 1852",105.0,6.0,current_yield,5.714285714285714,False,False,True,True
1843-08-05,C-1260,"Philadelphia 6s, r. 1852",106.0,6.0,current_yield,5.660377358490567,False,False,True,True
1844-03-23,C-1260,"Philadelphia 6s, r. 1852",110.0,6.0,current_yield,5.454545454545454,False,False,False,False
1844-03-30,C-1260,"Philadelphia 6s, r. 1852",110.0,6.0,current_yield,5.454545454545454,False,False,False,False
1844-04-06,C-1260,"Philadelphia 6s, r. 1852",110.0,6.0,current_yield,5.454545454545454,False,False,False,False
1844-04-20,C-1260,"Philadelphia 6s, r. 1852",110.0,6.0,current_yield,5.454545454545454,False,False,False,False
1844-04-27,C-1260,"Philadelphia 6s, r. 1852",110.0,6.0,current_yield,5.454545454545454,False,False,False,False
1844-05-11,C-1260,"Philadelphia 6s, r. 1852",110.0,6.0,current_yield,5.454545454545454,False,False,False,False
1844-05-18,C-1260,"Philadelphia 6s, r. 1852",110.0,6.0,current_yield,5.454545454545454,False,False,False,False
1844-05-25,C-1260,"Philadelphia 6s, r. 1852",111.0,6.0,current_yield,5.405405405405405,False,False,False,False
1844-06-01,C-1260,"Philadelphia 6s, r. 1852",111.0,6.0,current_yield,5.405405405405405,False,False,False,False
1844-06-08,C-1260,"Philadelphia 6s, r. 1852",111.0,6.0,current_yield,5.405405405405405,False,False,False,False
1844-06-15,C-1260,"Philadelphia 6s, r. 1852",111.0,6.0,current_yield,5.405405405405405,False,False,False,False
1844-06-22,C-1260,"Philadelphia 6s, r. 1852",111.0,6.0,current_yield,5.405405405405405,False,False,False,False
1844-06-29,C-1260,"Philadelphia 6s, r. 1852",109.0,6.0,current_yield,5.5045871559633035,False,False,False,False
1844-07-06,C-1260,"Philadelphia 6s, r. 1852",109.0,6.0,current_yield,5.5045871559633035,False,False,False,False
1844-07-13,C-1260,"Philadelphia 6s, r. 1852",109.0,6.0,current_yield,5.5045871559633035,False,False,False,False
1844-07-20,C-1260,"Philadelphia 6s, r. 1852",109.0,6.0,current_yield,5.5045871559633035,False,False,False,False
1844-07-27,C-1260,"Philadelphia 6s, r. 1852",111.5,6.0,current_yield,5.381165919282512,False,False,False,False
1844-08-03,C-1260,"Philadelphia 6s, r. 1852",112.0,6.0,current_yield,5.357142857142857,False,False,False,False
1844-08-10,C-1260,"Philadelphia 6s, r. 1852",115.0,6.0,current_yield,5.217391304347826,False,False,False,False
1844-08-17,C-1260,"Philadelphia 6s, r. 1852",115.0,6.0,current_yield,5.217391304347826,False,False,False,False
1844-08-24,C-1260,"Philadelphia 6s, r. 1852",114.0,6.0,current_yield,5.263157894736842,False,False,False,False
1844-08-31,C-1260,"Philadelphia 6s, r. 1852",114.0,6.0,current_yield,5.263157894736842,False,False,False,False
1844-09-07,C-1260,"Philadelphia 6s, r. 1852",114.0,6.0,current_yield,5.263157894736842,False,False,False,False
1844-09-14,C-1260,"Philadelphia 6s, r. 1852",114.0,6.0,current_yield,5.263157894736842,False,False,False,False
1844-09-21,C-1260,"Philadelphia 6s, r. 1852",114.0,6.0,current_yield,5.263157894736842,False,False,False,False
1844-09-28,C-1260,"Philadelphia 6s, r. 1852",113.5,6.0,current_yield,5.286343612334802,False,False,False,False
1844-10-06,C-1260,"Philadelphia 6s, r. 1852",113.5,6.0,current_yield,5.286343612334802,False,False,False,False
1844-10-12,C-1260,"Philadelphia 6s, r. 1852",114.5,6.0,current_yield,5.240174672489083,False,False,False,False
1844-10-19,C-1260,"Philadelphia 6s, r. 1852",115.0,6.0,current_yield,5.217391304347826,False,False,False,False
1844-10-26,C-1260,"Philadelphia 6s, r. 1852",115.0,6.0,current_yield,5.217391304347826,False,False,False,False
1844-11-02,C-1260,"Philadelphia 6s, r. 1852",115.0,6.0,current_yield,5.217391304347826,False,False,False,False
1844-11-09,C-1260,"Philadelphia 6s, r. 1852",115.0,6.0,current_yield,5.217391304347826,False,False,False,False
1844-11-23,C-1260,"Philadelphia 6s, r. 1852",117.0,6.0,current_yield,5.128205128205128,False,False,False,False
1844-11-30,C-1260,"Philadelphia 6s, r. 1852",117.0,6.0,current_yield,5.128205128205128,False,False,False,False
1844-12-07,C-1260,"Philadelphia 6s, r. 1852",117.0,6.0,current_yield,5.128205128205128,False,False,False,False
1844-12-14,C-1260,"Philadelphia 6s, r. 1852",114.25,6.0,current_yield,5.25164113785558,False,False,False,False
1844-12-21,C-1260,"Philadelphia 6s, r. 1852",112.0,6.0,current_yield,5.357142857142857,False,False,False,False
1844-12-28,C-1260,"Philadelphia 6s, r. 1852",112.0,6.0,current_yield,5.357142857142857,False,False,False,False
1845-01-04,C-1260,"Philadelphia 6s, r. 1852",112.0,6.0,current_yield,5.357142857142857,False,False,False,False
1845-01-11,C-1260,"Philadelphia 6s, r. 1852",112.0,6.0,current_yield,5.357142857142857,False,False,False,False
1845-01-18,C-1260,"Philadelphia 6s, r. 1852",112.0,6.0,current_yield,5.357142857142857,False,False,False,False
1845-01-25,C-1260,"Philadelphia 6s, r. 1852",112.0,6.0,current_yield,5.357142857142857,False,False,False,False
1845-02-08,C-1260,"Philadelphia 6s, r. 1852",112.0,6.0,current_yield,5.357142857142857,False,False,False,False
1845-02-15,C-1260,"Philadelphia 6s, r. 1852",112.0,6.0,current_yield,5.357142857142857,False,False,False,False
1845-02-22,C-1260,"Philadelphia 6s, r. 1852",112.0,6.0,current_yield,5.357142857142857,False,False,False,False
1845-03-01,C-1260,"Philadelphia 6s, r. 1852",113.0,6.0,current_yield,5.3097345132743365,False,False,False,False
1845-03-08,C-1260,"Philadelphia 6s, r. 1852",113.0,6.0,current_yield,5.3097345132743365,False,False,False,False
1845-03-15,C-1260,"Philadelphia 6s, r. 1852",113.0,6.0,current_yield,5.3097345132743365,False,False,False,False
1845-03-22,C-1260,"Philadelphia 6s, r. 1852",113.0,6.0,current_yield,5.3097345132743365,False,False,False,False
1845-03-29,C-1260,"Philadelphia 6s, r. 1852",113.0,6.0,current_yield,5.3097345132743365,False,False,False,False
1845-04-05,C-1260,"Philadelphia 6s, r. 1852",113.0,6.0,current_yield,5.3097345132743365,False,False,False,False
1845-04-12,C-1260,"Philadelphia 6s, r. 1852",113.0,6.0,current_yield,5.3097345132743365,False,False,False,False
1845-04-19,C-1260,"Philadelphia 6s, r. 1852",113.0,6.0,current_yield,5.3097345132743365,False,False,False,False
1845-05-03,C-1260,"Philadelphia 6s, r. 1852",113.0,6.0,current_yield,5.3097345132743365,False,False,False,False
1845-05-10,C-1260,"Philadelphia 6s, r. 1852",113.0,6.0,current_yield,5.3097345132743365,False,False,False,False
1845-05-17,C-1260,"Philadelphia 6s, r. 1852",112.0,6.0,current_yield,5.357142857142857,False,False,False,False
1845-05-24,C-1260,"Philadelphia 6s, r. 1852",112.0,6.0,current_yield,5.357142857142857,False,False,False,False
1845-05-31,C-1260,"Philadelphia 6s, r. 1852",112.0,6.0,current_yield,5.357142857142857,False,False,False,False
1845-06-07,C-1260,"Philadelphia 6s, r. 1852",112.0,6.0,current_yield,5.357142857142857,False,False,False,False
1845-06-28,C-1260,"Philadelphia 6s, r. 1852",110.0,6.0,current_yield,5.454545454545454,False,False,False,False
1845-07-05,C-1260,"Philadelphia 6s, r. 1852",110.0,6.0,current_yield,5.454545454545454,False,False,False,False
1845-07-12,C-1260,"Philadelphia 6s, r. 1852",110.0,6.0,current_yield,5.454545454545454,False,False,False,False
1845-07-19,C-1260,"Philadelphia 6s, r. 1852",113.0,6.0,current_yield,5.3097345132743365,False,False,False,False
1845-07-26,C-1260,"Philadelphia 6s, r. 1852",113.0,6.0,current_yield,5.3097345132743365,False,False,False,False
1845-08-02,C-1260,"Philadelphia 6s, r. 1852",113.0,6.0,current_yield,5.3097345132743365,False,False,False,False
1845-08-09,C-1260,"Philadelphia 6s, r. 1852",113.0,6.0,current_yield,5.3097345132743365,False,False,False,False
1845-08-16,C-1260,"Philadelphia 6s, r. 1852",112.0,6.0,current_yield,5.357142857142857,False,False,False,False
1845-08-23,C-1260,"Philadelphia 6s, r. 1852",111.0,6.0,current_yield,5.405405405405405,False,False,False,False
1845-08-30,C-1260,"Philadelphia 6s, r. 1852",111.0,6.0,current_yield,5.405405405405405,False,False,False,False
1845-09-06,C-1260,"Philadelphia 6s, r. 1852",111.0,6.0,current_yield,5.405405405405405,False,False,False,False
1845-09-13,C-1260,"Philadelphia 6s, r. 1852",111.0,6.0,current_yield,5.405405405405405,False,False,False,False
1845-09-20,C-1260,"Philadelphia 6s, r. 1852",111.0,6.0,current_yield,5.405405405405405,False,False,False,False
1845-09-27,C-1260,"Philadelphia 6s, r. 1852",111.0,6.0,current_yield,5.405405405405405,False,False,False,False
1845-10-04,C-1260,"Philadelphia 6s, r. 1852",111.0,6.0,current_yield,5.405405405405405,False,False,False,False
1845-10-11,C-1260,"Philadelphia 6s, r. 1852",111.0,6.0,current_yield,5.405405405405405,False,False,False,False
1845-10-18,C-1260,"Philadelphia 6s, r. 1852",111.0,6.0,current_yield,5.405405405405405,False,False,False,False
1845-10-25,C-1260,"Philadelphia 6s, r. 1852",111.0,6.0,current_yield,5.405405405405405,False,False,False,False
1845-11-01,C-1260,"Philadelphia 6s, r. 1852",111.0,6.0,current_yield,5.405405405405405,False,False,False,False
1845-11-08,C-1260,"Philadelphia 6s, r. 1852",111.0,6.0,current_yield,5.405405405405405,False,False,False,False
1845-11-22,C-1260,"Philadelphia 6s, r. 1852",111.0,6.0,current_yield,5.405405405405405,False,False,False,False
1845-12-27,C-1260,"Philadelphia 6s, r. 1852",109.0,6.0,current_yield,5.5045871559633035,False,False,False,False
1846-01-03,C-1260,"Philadelphia 6s, r. 1852",109.0,6.0,current_yield,5.5045871559633035,False,False,False,False
1846-01-10,C-1260,"Philadelphia 6s, r. 1852",108.0,6.0,current_yield,5.555555555555555,False,False,False,False
1846-01-17,C-1260,"Philadelphia 6s, r. 1852",108.0,6.0,current_yield,5.555555555555555,False,False,False,False
1846-01-24,C-1260,"Philadelphia 6s, r. 1852",108.0,6.0,current_yield,5.555555555555555,False,False,False,False
1846-02-07,C-1260,"Philadelphia 6s, r. 1852",108.0,6.0,current_yield,5.555555555555555,False,False,False,False
1846-02-14,C-1260,"Philadelphia 6s, r. 1852",108.0,6.0,current_yield,5.555555555555555,False,False,False,False
1846-03-21,C-1260,"Philadelphia 6s, r. 1852",108.0,6.0,current_yield,5.555555555555555,False,False,False,False
1846-03-28,C-1260,"Philadelphia 6s, r. 1852",108.0,6.0,current_yield,5.555555555555555,False,False,False,False
1846-04-04,C-1260,"Philadelphia 6s, r. 1852",108.0,6.0,current_yield,5.555555555555555,False,False,False,False
1846-04-11,C-1260,"Philadelphia 6s, r. 1852",108.0,6.0,current_yield,5.555555555555555,False,False,False,False
1846-04-18,C-1260,"Philadelphia 6s, r. 1852",107.0,6.0,current_yield,5.607476635514018,False,False,False,False
1846-04-25,C-1260,"Philadelphia 6s, r. 1852",107.0,6.0,current_yield,5.607476635514018,False,False,False,False
1846-05-02,C-1260,"Philadelphia 6s, r. 1852",107.0,6.0,current_yield,5.607476635514018,False,False,False,False
1846-05-09,C-1260,"Philadelphia 6s, r. 1852",107.0,6.0,current_yield,5.607476635514018,False,False,False,False
1846-05-16,C-1260,"Philadelphia 6s, r. 1852",107.0,6.0,current_yield,5.607476635514018,False,False,False,False
1846-05-23,C-1260,"Philadelphia 6s, r. 1852",107.0,6.0,current_yield,5.607476635514018,False,False,False,False
1846-06-13,C-1260,"Philadelphia 6s, r. 1852",107.0,6.0,current_yield,5.607476635514018,False,False,False,False
1846-06-20,C-1260,"Philadelphia 6s, r. 1852",107.0,6.0,current_yield,5.607476635514018,False,False,False,False
1846-06-27,C-1260,"Philadelphia 6s, r. 1852",107.0,6.0,current_yield,5.607476635514018,False,False,False,False
1846-07-11,C-1260,"Philadelphia 6s, r. 1852",105.0,6.0,current_yield,5.714285714285714,False,False,False,False
1846-07-18,C-1260,"Philadelphia 6s, r. 1852",106.0,6.0,current_yield,5.660377358490567,False,False,False,False
1846-07-25,C-1260,"Philadelphia 6s, r. 1852",106.0,6.0,current_yield,5.660377358490567,False,False,False,False
1846-08-15,C-1260,"Philadelphia 6s, r. 1852",106.0,6.0,current_yield,5.660377358490567,False,False,False,False
1846-08-29,C-1260,"Philadelphia 6s, r. 1852",106.0,6.0,current_yield,5.660377358490567,False,False,False,False
1846-09-05,C-1260,"Philadelphia 6s, r. 1852",106.0,6.0,current_yield,5.660377358490567,False,False,False,False
1846-09-19,C-1260,"Philadelphia 6s, r. 1852",106.0,6.0,current_yield,5.660377358490567,False,False,False,False
1846-09-26,C-1260,"Philadelphia 6s, r. 1852",106.0,6.0,current_yield,5.660377358490567,False,False,False,False
1846-10-03,C-1260,"Philadelphia 6s, r. 1852",106.0,6.0,current_yield,5.660377358490567,False,False,False,False
1846-10-10,C-1260,"Philadelphia 6s, r. 1852",106.0,6.0,current_yield,5.660377358490567,False,False,False,False
1846-10-17,C-1260,"Philadelphia 6s, r. 1852",106.0,6.0,current_yield,5.660377358490567,False,False,False,False
1846-12-05,C-1260,"Philadelphia 6s, r. 1852",106.0,6.0,current_yield,5.660377358490567,False,False,False,False
1846-12-12,C-1260,"Philadelphia 6s, r. 1852",104.0,6.0,current_yield,5.769230769230769,False,False,False,False
1846-12-19,C-1260,"Philadelphia 6s, r. 1852",104.0,6.0,current_yield,5.769230769230769,False,False,False,False
1846-12-26,C-1260,"Philadelphia 6s, r. 1852",104.0,6.0,current_yield,5.769230769230769,False,False,False,False
1847-01-02,C-1260,"Philadelphia 6s, r. 1852",104.0,6.0,current_yield,5.769230769230769,False,False,False,False
1847-01-16,C-1260,"Philadelphia 6s, r. 1852",96.0,6.0,current_yield,6.25,False,False,False,False
1847-01-23,C-1260,"Philadelphia 6s, r. 1852",96.0,6.0,current_yield,6.25,False,False,False,False
1847-02-13,C-1260,"Philadelphia 6s, r. 1852",96.0,6.0,current_yield,6.25,False,False,False,False
1847-02-20,C-1260,"Philadelphia 6s, r. 1852",96.0,6.0,current_yield,6.25,False,False,False,False
1847-02-27,C-1260,"Philadelphia 6s, r. 1852",90.0,6.0,current_yield,6.666666666666667,False,False,False,False
1847-03-06,C-1260,"Philadelphia 6s, r. 1852",90.0,6.0,current_yield,6.666666666666667,False,False,False,False
1847-03-13,C-1260,"Philadelphia 6s, r. 1852",90.0,6.0,current_yield,6.666666666666667,False,False,False,False
1847-03-20,C-1260,"Philadelphia 6s, r. 1852",100.0,6.0,current_yield,6.0,False,False,False,False
1847-03-27,C-1260,"Philadelphia 6s, r. 1852",100.0,6.0,current_yield,6.0,False,False,False,False
1847-04-03,C-1260,"Philadelphia 6s, r. 1852",100.0,6.0,current_yield,6.0,False,False,False,False
1847-04-10,C-1260,"Philadelphia 6s, r. 1852",100.0,6.0,current_yield,6.0,False,False,False,False
1847-04-17,C-1260,"Philadelphia 6s, r. 1852",100.0,6.0,current_yield,6.0,False,False,False,False
1847-04-24,C-1260,"Philadelphia 6s, r. 1852",101.5,6.0,current_yield,5.911330049261084,False,False,False,False
1847-05-01,C-1260,"Philadelphia 6s, r. 1852",101.5,6.0,current_yield,5.911330049261084,False,False,False,False
1847-05-08,C-1260,"Philadelphia 6s, r. 1852",103.0,6.0,current_yield,5.825242718446602,False,False,False,False
1847-05-15,C-1260,"Philadelphia 6s, r. 1852",102.0,6.0,current_yield,5.88235294117647,False,False,False,False
1847-05-22,C-1260,"Philadelphia 6s, r. 1852",102.0,6.0,current_yield,5.88235294117647,False,False,False,False
1847-05-29,C-1260,"Philadelphia 6s, r. 1852",103.0,6.0,current_yield,5.825242718446602,False,False,False,False
1847-06-05,C-1260,"Philadelphia 6s, r. 1852",103.0,6.0,current_yield,5.825242718446602,False,False,False,False
1847-06-12,C-1260,"Philadelphia 6s, r. 1852",103.0,6.0,current_yield,5.825242718446602,False,False,False,False
1847-06-19,C-1260,"Philadelphia 6s, r. 1852",103.0,6.0,current_yield,5.825242718446602,False,False,False,False
1847-06-26,C-1260,"Philadelphia 6s, r. 1852",100.0,6.0,current_yield,6.0,False,False,False,False
1847-07-03,C-1260,"Philadelphia 6s, r. 1852",101.0,6.0,current_yield,5.9405940594059405,False,False,False,False
1847-07-10,C-1260,"Philadelphia 6s, r. 1852",101.0,6.0,current_yield,5.9405940594059405,False,False,False,False
1847-07-17,C-1260,"Philadelphia 6s, r. 1852",101.75,6.0,current_yield,5.896805896805897,False,False,False,False
1847-07-24,C-1260,"Philadelphia 6s, r. 1852",101.75,6.0,current_yield,5.896805896805897,False,False,False,False
1847-07-31,C-1260,"Philadelphia 6s, r. 1852",101.75,6.0,current_yield,5.896805896805897,False,False,False,False
1847-08-07,C-1260,"Philadelphia 6s, r. 1852",101.75,6.0,current_yield,5.896805896805897,False,False,False,False
1847-08-14,C-1260,"Philadelphia 6s, r. 1852",102.0,6.0,current_yield,5.88235294117647,False,False,False,False
1847-08-21,C-1260,"Philadelphia 6s, r. 1852",102.0,6.0,current_yield,5.88235294117647,False,False,False,False
1847-08-28,C-1260,"Philadelphia 6s, r. 1852",102.0,6.0,current_yield,5.88235294117647,False,False,False,False
1847-09-04,C-1260,"Philadelphia 6s, r. 1852",102.0,6.0,current_yield,5.88235294117647,False,False,False,False
1847-09-11,C-1260,"Philadelphia 6s, r. 1852",102.0,6.0,current_yield,5.88235294117647,False,False,False,False
1847-09-18,C-1260,"Philadelphia 6s, r. 1852",102.0,6.0,current_yield,5.88235294117647,False,False,False,False
1847-09-25,C-1260,"Philadelphia 6s, r. 1852",102.0,6.0,current_yield,5.88235294117647,False,False,False,False
1847-10-02,C-1260,"Philadelphia 6s, r. 1852",102.0,6.0,current_yield,5.88235294117647,False,False,False,False
1847-10-09,C-1260,"Philadelphia 6s, r. 1852",102.0,6.0,current_yield,5.88235294117647,False,False,False,False
1847-10-16,C-1260,"Philadelphia 6s, r. 1852",102.0,6.0,current_yield,5.88235294117647,False,False,False,False
1847-10-23,C-1260,"Philadelphia 6s, r. 1852",102.0,6.0,current_yield,5.88235294117647,False,False,False,False
1847-10-30,C-1260,"Philadelphia 6s, r. 1852",102.0,6.0,current_yield,5.88235294117647,False,False,False,False
1847-11-06,C-1260,"Philadelphia 6s, r. 1852",102.0,6.0,current_yield,5.88235294117647,False,False,False,False
1847-11-13,C-1260,"Philadelphia 6s, r. 1852",102.0,6.0,current_yield,5.88235294117647,False,False,False,False
1847-11-20,C-1260,"Philadelphia 6s, r. 1852",102.0,6.0,current_yield,5.88235294117647,False,False,False,False
1847-11-27,C-1260,"Philadelphia 6s, r. 1852",101.0,6.0,current_yield,5.9405940594059405,False,False,False,False
1847-12-04,C-1260,"Philadelphia 6s, r. 1852",101.0,6.0,current_yield,5.9405940594059405,False,False,False,False
1847-12-11,C-1260,"Philadelphia 6s, r. 1852",102.0,6.0,current_yield,5.88235294117647,False,False,False,False
1847-12-18,C-1260,"Philadelphia 6s, r. 1852",98.0,6.0,current_yield,6.122448979591836,False,False,False,False
1847-12-25,C-1260,"Philadelphia 6s, r. 1852",98.0,6.0,current_yield,6.122448979591836,False,False,False,False
1848-01-01,C-1260,"Philadelphia 6s, r. 1852",98.0,6.0,current_yield,6.122448979591836,False,False,False,False
1848-01-08,C-1260,"Philadelphia 6s, r. 1852",95.0,6.0,current_yield,6.315789473684211,False,False,False,False
1848-01-15,C-1260,"Philadelphia 6s, r. 1852",95.0,6.0,current_yield,6.315789473684211,False,False,False,False
1848-01-22,C-1260,"Philadelphia 6s, r. 1852",95.0,6.0,current_yield,6.315789473684211,False,False,False,False
1848-01-29,C-1260,"Philadelphia 6s, r. 1852",96.0,6.0,current_yield,6.25,False,False,False,False
1848-02-05,C-1260,"Philadelphia 6s, r. 1852",97.0,6.0,current_yield,6.185567010309279,False,False,False,False
1848-02-12,C-1260,"Philadelphia 6s, r. 1852",98.0,6.0,current_yield,6.122448979591836,False,False,False,False
1848-03-04,C-1260,"Philadelphia 6s, r. 1852",99.0,6.0,current_yield,6.0606060606060606,False,False,False,False
1848-03-11,C-1260,"Philadelphia 6s, r. 1852",99.0,6.0,current_yield,6.0606060606060606,False,False,False,False
1848-03-18,C-1260,"Philadelphia 6s, r. 1852",99.0,6.0,current_yield,6.0606060606060606,False,False,False,False
1848-03-25,C-1260,"Philadelphia 6s, r. 1852",99.0,6.0,current_yield,6.0606060606060606,False,False,False,False
1848-04-01,C-1260,"Philadelphia 6s, r. 1852",99.0,6.0,current_yield,6.0606060606060606,False,False,False,False
1848-04-08,C-1260,"Philadelphia 6s, r. 1852",99.0,6.0,current_yield,6.0606060606060606,False,False,False,False
1848-04-15,C-1260,"Philadelphia 6s, r. 1852",99.0,6.0,current_yield,6.0606060606060606,False,False,False,False
1848-04-22,C-1260,"Philadelphia 6s, r. 1852",99.0,6.0,current_yield,6.0606060606060606,False,False,False,False
1848-04-29,C-1260,"Philadelphia 6s, r. 1852",99.5,6.0,current_yield,6.030150753768844,False,False,False,False
1848-05-06,C-1260,"Philadelphia 6s, r. 1852",99.5,6.0,current_yield,6.030150753768844,False,False,False,False
1848-05-13,C-1260,"Philadelphia 6s, r. 1852",100.0,6.0,current_yield,6.0,False,False,False,False
1848-05-20,C-1260,"Philadelphia 6s, r. 1852",99.0,6.0,current_yield,6.0606060606060606,False,False,False,False
1848-05-27,C-1260,"Philadelphia 6s, r. 1852",99.5,6.0,current_yield,6.030150753768844,False,False,False,False
1848-06-03,C-1260,"Philadelphia 6s, r. 1852",99.5,6.0,current_yield,6.030150753768844,False,False,False,False
1848-06-10,C-1260,"Philadelphia 6s, r. 1852",100.0,6.0,current_yield,6.0,False,False,False,False
1848-06-17,C-1260,"Philadelphia 6s, r. 1852",90.0,6.0,current_yield,6.666666666666667,False,False,False,False
1848-06-24,C-1260,"Philadelphia 6s, r. 1852",97.25,6.0,current_yield,6.169665809768637,False,False,False,False
1848-07-01,C-1260,"Philadelphia 6s, r. 1852",97.25,6.0,current_yield,6.169665809768637,False,False,False,False
1848-07-08,C-1260,"Philadelphia 6s, r. 1852",97.25,6.0,current_yield,6.169665809768637,False,False,False,False
1848-07-15,C-1260,"Philadelphia 6s, r. 1852",97.25,6.0,current_yield,6.169665809768637,False,False,False,False
1848-07-22,C-1260,"Philadelphia 6s, r. 1852",99.5,6.0,current_yield,6.030150753768844,False,False,False,False
1848-07-29,C-1260,"Philadelphia 6s, r. 1852",99.5,6.0,current_yield,6.030150753768844,False,False,False,False
1848-08-05,C-1260,"Philadelphia 6s, r. 1852",99.5,6.0,current_yield,6.030150753768844,False,False,False,False
1848-08-12,C-1260,"Philadelphia 6s, r. 1852",99.5,6.0,current_yield,6.030150753768844,False,False,False,False
1848-08-19,C-1260,"Philadelphia 6s, r. 1852",99.5,6.0,current_yield,6.030150753768844,False,False,False,False
1848-08-26,C-1260,"Philadelphia 6s, r. 1852",99.5,6.0,current_yield,6.030150753768844,False,False,False,False
1848-09-02,C-1260,"Philadelphia 6s, r. 1852",99.5,6.0,current_yield,6.030150753768844,False,False,False,False
1848-11-11,C-1260,"Philadelphia 6s, r. 1852",98.0,6.0,current_yield,6.122448979591836,False,False,False,False
1848-11-18,C-1260,"Philadelphia 6s, r. 1852",98.0,6.0,current_yield,6.122448979591836,False,False,False,False
1848-11-25,C-1260,"Philadelphia 6s, r. 1852",98.0,6.0,current_yield,6.122448979591836,False,False,False,False
1848-12-02,C-1260,"Philadelphia 6s, r. 1852",99.0,6.0,current_yield,6.0606060606060606,False,False,False,False
1848-12-09,C-1260,"Philadelphia 6s, r. 1852",99.0,6.0,current_yield,6.0606060606060606,False,False,False,False
1848-12-16,C-1260,"Philadelphia 6s, r. 1852",96.0,6.0,current_yield,6.25,False,False,False,False
1848-12-23,C-1260,"Philadelphia 6s, r. 1852",96.0,6.0,current_yield,6.25,False,False,False,False
1848-12-30,C-1260,"Philadelphia 6s, r. 1852",97.5,6.0,current_yield,6.153846153846154,False,False,False,False
1849-01-06,C-1260,"Philadelphia 6s, r. 1852",97.5,6.0,current_yield,6.153846153846154,False,False,False,False
1849-01-20,C-1260,"Philadelphia 6s, r. 1852",98.25,6.0,current_yield,6.106870229007633,False,False,False,False
1849-02-10,C-1260,"Philadelphia 6s, r. 1852",98.5,6.0,current_yield,6.091370558375635,False,False,False,False
1849-02-17,C-1260,"Philadelphia 6s, r. 1852",99.75,6.0,current_yield,6.015037593984962,False,False,False,False
1849-02-24,C-1260,"Philadelphia 6s, r. 1852",100.0,6.0,current_yield,6.0,False,False,False,False
1849-03-03,C-1260,"Philadelphia 6s, r. 1852",100.0,6.0,current_yield,6.0,False,False,False,False
1849-03-10,C-1260,"Philadelphia 6s, r. 1852",100.0,6.0,current_yield,6.0,False,False,False,False
1849-03-17,C-1260,"Philadelphia 6s, r. 1852",101.375,6.0,current_yield,5.9186189889025895,False,False,False,False
1849-03-24,C-1260,"Philadelphia 6s, r. 1852",101.25,6.0,current_yield,5.9259259259259265,False,False,False,False
1849-03-31,C-1260,"Philadelphia 6s, r. 1852",101.25,6.0,current_yield,5.9259259259259265,False,False,False,False
1849-04-07,C-1260,"Philadelphia 6s, r. 1852",101.25,6.0,current_yield,5.9259259259259265,False,False,False,False
1849-04-14,C-1260,"Philadelphia 6s, r. 1852",101.25,6.0,current_yield,5.9259259259259265,False,False,False,False
1849-04-21,C-1260,"Philadelphia 6s, r. 1852",101.25,6.0,current_yield,5.9259259259259265,False,False,False,False
1849-04-28,C-1260,"Philadelphia 6s, r. 1852",101.25,6.0,current_yield,5.9259259259259265,False,False,False,False
1849-05-05,C-1260,"Philadelphia 6s, r. 1852",101.25,6.0,current_yield,5.9259259259259265,False,False,False,False
1849-05-12,C-1260,"Philadelphia 6s, r. 1852",101.25,6.0,current_yield,5.9259259259259265,False,False,False,False
1849-05-19,C-1260,"Philadelphia 6s, r. 1852",101.25,6.0,current_yield,5.9259259259259265,False,False,False,False
1849-05-26,C-1260,"Philadelphia 6s, r. 1852",102.0,6.0,current_yield,5.88235294117647,False,False,False,False
1849-06-02,C-1260,"Philadelphia 6s, r. 1852",102.75,6.0,current_yield,5.839416058394161,False,False,False,False
1849-06-09,C-1260,"Philadelphia 6s, r. 1852",103.5,6.0,current_yield,5.797101449275362,False,False,False,False
1849-06-30,C-1260,"Philadelphia 6s, r. 1852",103.0,6.0,current_yield,5.825242718446602,False,False,False,False
1849-07-07,C-1260,"Philadelphia 6s, r. 1852",103.0,6.0,current_yield,5.825242718446602,False,False,False,False
1849-07-14,C-1260,"Philadelphia 6s, r. 1852",103.0,6.0,current_yield,5.825242718446602,False,False,False,False
1849-07-21,C-1260,"Philadelphia 6s, r. 1852",105.75,6.0,current_yield,5.673758865248227,False,False,False,False
1849-07-28,C-1260,"Philadelphia 6s, r. 1852",105.75,6.0,current_yield,5.673758865248227,False,False,False,False
1849-08-04,C-1260,"Philadelphia 6s, r. 1852",105.75,6.0,current_yield,5.673758865248227,False,False,False,False
1849-08-11,C-1260,"Philadelphia 6s, r. 1852",105.75,6.0,current_yield,5.673758865248227,False,False,False,False
1849-08-25,C-1260,"Philadelphia 6s, r. 1852",105.0,6.0,current_yield,5.714285714285714,False,False,False,False
1849-09-01,C-1260,"Philadelphia 6s, r. 1852",105.0,6.0,current_yield,5.714285714285714,False,False,False,False
1849-09-08,C-1260,"Philadelphia 6s, r. 1852",104.75,6.0,current_yield,5.727923627684964,False,False,False,False
1849-09-15,C-1260,"Philadelphia 6s, r. 1852",104.625,6.0,current_yield,5.734767025089606,False,False,False,False
1849-09-22,C-1260,"Philadelphia 6s, r. 1852",104.625,6.0,current_yield,5.734767025089606,False,False,False,False
1849-09-29,C-1260,"Philadelphia 6s, r. 1852",104.25,6.0,current_yield,5.755395683453238,False,False,False,False
1849-10-06,C-1260,"Philadelphia 6s, r. 1852",104.0,6.0,current_yield,5.769230769230769,False,False,False,False
1849-10-13,C-1260,"Philadelphia 6s, r. 1852",102.0,6.0,current_yield,5.88235294117647,False,False,False,False
1849-10-20,C-1260,"Philadelphia 6s, r. 1852",102.0,6.0,current_yield,5.88235294117647,False,False,False,False
1849-10-27,C-1260,"Philadelphia 6s, r. 1852",104.5,6.0,current_yield,5.741626794258373,False,False,False,False
1849-11-03,C-1260,"Philadelphia 6s, r. 1852",104.5,6.0,current_yield,5.741626794258373,False,False,False,False
1849-11-17,C-1260,"Philadelphia 6s, r. 1852",104.75,6.0,current_yield,5.727923627684964,False,False,False,False
1849-11-24,C-1260,"Philadelphia 6s, r. 1852",104.75,6.0,current_yield,5.727923627684964,False,False,False,False
1849-12-01,C-1260,"Philadelphia 6s, r. 1852",104.75,6.0,current_yield,5.727923627684964,False,False,False,False
1849-12-29,C-1260,"Philadelphia 6s, r. 1852",101.5,6.0,current_yield,5.911330049261084,False,False,False,False
1850-01-05,C-1260,"Philadelphia 6s, r. 1852",101.25,6.0,current_yield,5.9259259259259265,False,False,False,False
1850-01-12,C-1260,"Philadelphia 6s, r. 1852",101.25,6.0,current_yield,5.9259259259259265,False,False,False,False
1850-01-19,C-1260,"Philadelphia 6s, r. 1852",101.875,6.0,current_yield,5.889570552147239,False,False,False,False
1850-02-09,C-1260,"Philadelphia 6s, r. 1852",102.0,6.0,current_yield,5.88235294117647,False,False,False,False
1850-02-16,C-1260,"Philadelphia 6s, r. 1852",102.0,6.0,current_yield,5.88235294117647,False,False,False,False
